date,quarter,day,Team Code,smv,wip,over_time,incentive,idle_time,idle_men,no_of_style_change,no_of_workers,productivity_score
1/1/2015,Quarter1,Thursday,8,26.16,1108.0,7080,98,0.0,0,0,59.0,94.073
1/1/2015,Quarter1,Thursday,1,3.94,,960,0,0.0,0,0,8.0,88.65
1/1/2015,Quarter1,Thursday,11,11.41,968.0,3660,50,0.0,0,0,30.5,80.057
1/1/2015,Quarter1,Thursday,12,11.41,968.0,3660,50,0.0,0,0,30.5,80.057
1/1/2015,Quarter1,Thursday,6,25.9,1170.0,1920,50,0.0,0,0,56.0,80.038
1/1/2015,Quarter1,Thursday,7,25.9,984.0,6720,38,0.0,0,0,56.0,80.012
1/1/2015,Quarter1,Thursday,2,3.94,,960,0,0.0,0,0,8.0,75.517
1/1/2015,Quarter1,Thursday,3,28.08,795.0,6900,45,0.0,0,0,57.5,75.368
2016-01-01,Quarter1,Thursday,2,19.87,733.0,6000,34,0.0,0,0,55.0,75.31
2016-01-01,Quarter1,Thursday,1,28.08,681.0,6900,45,0.0,0,0,57.5,75.043
1/1/2015,Quarter1,Thursday,9,28.08,872.0,6900,44,0.0,0,0,57.5,72.113
1/1/2015,Quarter1,Thursday,10,19.31,578.0,6480,45,0.0,0,0,54.0,71.221
1/1/2015,Quarter1,Thursday,5,11.41,668.0,3660,50,0.0,0,0,30.5,70.705
2016-01-01,Quarter1,Thursday,10,3.94,,960,0,0.0,0,0,8.0,70.592
2016-01-01,Quarter1,Thursday,8,2.9,,960,0,0.0,0,0,8.0,67.667
1/1/2015,Quarter1,Thursday,4,3.94,,2160,0,0.0,0,0,18.0,59.306
2016-01-01,Quarter1,Thursday,7,2.9,,960,0,0.0,0,0,8.0,54.073
2016-01-01,Quarter1,Thursday,4,23.69,861.0,7200,0,0.0,0,0,60.0,52.118
2016-01-01,Quarter1,Thursday,11,4.15,,1440,0,0.0,0,0,12.0,43.633
1/3/2015,Quarter1,Saturday,4,4.15,,6600,0,0.0,0,0,20.0,98.802
1/3/2015,Quarter1,Saturday,11,2.9,,5640,0,0.0,0,0,17.0,98.788
1/3/2015,Quarter1,Saturday,9,4.15,,960,0,0.0,0,0,8.0,95.627
1/3/2015,Quarter1,Saturday,3,3.94,,1560,0,0.0,0,0,8.0,94.528
1/3/2015,Quarter1,Saturday,1,3.94,,960,0,0.0,0,0,8.0,90.292
2016-01-03,Quarter1,Saturday,1,28.08,772.0,6300,50,0.0,0,0,56.5,80.073
2016-01-03,Quarter1,Saturday,3,28.08,913.0,6540,50,0.0,0,0,54.5,80.032
1/3/2015,Quarter1,Saturday,8,26.16,1261.0,7080,50,0.0,0,0,59.0,80.032
1/3/2015,Quarter1,Saturday,12,26.16,844.0,7080,63,0.0,0,0,59.0,80.032
2016-01-03,Quarter1,Saturday,11,11.61,1005.0,7080,50,0.0,0,0,29.5,80.024
1/3/2015,Quarter1,Saturday,5,11.61,659.0,7080,50,0.0,0,0,31.5,80.015
1/3/2015,Quarter1,Saturday,6,25.9,1152.0,6720,50,0.0,0,0,56.0,80.012
1/3/2015,Quarter1,Saturday,7,25.9,1138.0,6720,38,0.0,0,0,56.0,80.012
1/3/2015,Quarter1,Saturday,10,19.31,610.0,6480,56,0.0,0,0,54.0,78.73
1/3/2015,Quarter1,Saturday,2,4.15,,960,0,0.0,0,0,8.0,78.245
2016-01-03,Quarter1,Saturday,2,19.87,944.0,6600,45,0.0,0,0,55.0,75.024
2016-01-03,Quarter1,Saturday,10,4.15,,960,0,0.0,0,0,8.0,70.181
2016-01-03,Quarter1,Saturday,4,23.69,544.0,13800,0,0.0,0,0,60.0,70.013
2016-01-03,Quarter1,Saturday,9,28.08,1072.0,6900,40,0.0,0,0,57.5,69.997
2016-01-03,Quarter1,Saturday,8,2.9,,960,0,0.0,0,0,8.0,62.833
2016-01-03,Quarter1,Saturday,7,3.94,,960,0,0.0,0,0,8.0,62.531
1/4/2015,Quarter1,Sunday,3,4.15,,1560,0,0.0,0,0,8.0,99.139
1/4/2015,Quarter1,Sunday,9,3.94,,960,0,0.0,0,0,8.0,93.165
1/4/2015,Quarter1,Sunday,1,3.94,,960,0,0.0,0,0,8.0,91.523
1/4/2015,Quarter1,Sunday,6,11.61,539.0,6975,50,0.0,0,0,31.0,87.971
1/4/2015,Quarter1,Sunday,4,3.94,,6600,0,0.0,0,0,20.0,86.168
2016-01-04,Quarter1,Sunday,9,26.16,1278.0,7080,60,0.0,0,0,59.0,85.057
1/4/2015,Quarter1,Sunday,7,25.9,1227.0,7020,60,0.0,0,0,56.5,85.044
1/4/2015,Quarter1,Sunday,8,25.9,1039.0,6780,45,0.0,0,0,56.5,85.035
2016-01-04,Quarter1,Sunday,4,28.08,878.0,4260,50,0.0,0,0,55.5,80.06
2016-01-04,Quarter1,Sunday,1,26.16,1033.0,7080,63,0.0,0,0,59.0,80.032
1/4/2015,Quarter1,Sunday,2,28.08,782.0,6660,50,0.0,0,0,55.5,80.024
1/4/2015,Quarter1,Sunday,12,11.61,1216.0,6975,50,0.0,0,0,31.0,80.003
2016-01-04,Quarter1,Sunday,2,3.94,,960,0,0.0,0,0,8.0,79.21
1/4/2015,Quarter1,Sunday,10,3.94,,4320,0,0.0,0,0,18.0,75.923
1/4/2015,Quarter1,Sunday,11,19.31,513.0,6480,45,0.0,0,0,54.0,75.035
2016-01-04,Quarter1,Sunday,3,19.87,734.0,6600,45,0.0,0,0,55.0,75.024
2016-01-04,Quarter1,Sunday,10,28.08,1202.0,6900,40,0.0,0,0,57.5,69.997
2016-01-04,Quarter1,Sunday,8,2.9,,960,0,0.0,0,0,8.0,68.271
2016-01-04,Quarter1,Sunday,7,2.9,,960,0,0.0,0,0,8.0,66.76
1/4/2015,Quarter1,Sunday,5,45.67,884.0,6960,26,0.0,0,0,58.0,60.343
2016-01-04,Quarter1,Sunday,11,4.15,,960,0,0.0,0,0,8.0,34.583
1/5/2015,Quarter1,Monday,1,3.94,,1920,0,0.0,0,0,8.0,96.106
1/5/2015,Quarter1,Monday,11,3.94,,2400,0,0.0,0,0,10.0,93.951
1/5/2015,Quarter1,Monday,4,3.94,,3840,0,0.0,0,0,16.0,89.366
1/5/2015,Quarter1,Monday,3,4.15,,1920,0,0.0,0,0,8.0,87.539
1/5/2015,Quarter1,Monday,9,26.16,1227.0,7080,75,0.0,0,0,59.0,85.057
2016-01-05,Quarter1,Monday,9,2.9,,1920,0,0.0,0,0,-8.0,82.083
1/5/2015,Quarter1,Monday,2,3.94,,960,0,0.0,0,0,8.0,80.442
1/5/2015,Quarter1,Monday,7,25.9,1255.0,6780,50,0.0,0,0,56.5,80.068
1/5/2015,Quarter1,Monday,8,25.9,1047.0,6780,38,0.0,0,0,56.5,80.068
2016-01-05,Quarter1,Monday,1,26.16,1138.0,7080,63,0.0,0,0,59.0,80.032
2016-01-05,Quarter1,Monday,11,19.31,678.0,4800,50,0.0,0,0,55.0,80.025
1/5/2015,Quarter1,Monday,6,11.61,712.0,7200,50,0.0,0,0,32.0,80.025
1/5/2015,Quarter1,Monday,12,11.61,1037.0,7200,50,0.0,0,0,32.0,80.025
2016-01-05,Quarter1,Monday,2,28.08,757.0,6900,50,0.0,0,0,57.5,80.008
2016-01-05,Quarter1,Monday,4,28.08,759.0,6900,50,0.0,0,0,57.5,80.008
1/5/2015,Quarter1,Monday,10,2.9,,960,0,0.0,0,0,8.0,76.338
1/5/2015,Quarter1,Monday,5,2.9,,960,0,0.0,0,0,8.0,75.927
2016-01-05,Quarter1,Monday,10,28.08,1083.0,7020,45,0.0,0,0,58.5,75.04
2016-01-05,Quarter1,Monday,3,19.87,944.0,6600,45,0.0,0,0,-55.0,75.024
2016-01-05,Quarter1,Monday,7,3.94,,960,0,0.0,0,0,8.0,67.667
2016-01-05,Quarter1,Monday,8,2.9,,960,0,0.0,0,0,8.0,66.458
2016-01-05,Quarter1,Monday,5,21.98,666.0,6960,23,0.0,0,0,58.0,60.003
1/6/2015,Quarter1,Tuesday,4,3.94,,4440,0,0.0,0,0,18.0,96.678
1/6/2015,Quarter1,Tuesday,1,3.94,,1440,0,0.0,0,0,8.0,93.65
1/6/2015,Quarter1,Tuesday,3,4.15,,1800,0,0.0,0,0,10.0,89.917
1/6/2015,Quarter1,Tuesday,11,4.15,,2700,0,0.0,0,0,15.0,88.869
1/6/2015,Quarter1,Tuesday,9,3.94,,1440,0,0.0,0,0,8.0,85.814
2016-01-06,Quarter1,Tuesday,1,26.16,1187.0,10620,75,0.0,0,0,59.0,85.05
2016-01-06,Quarter1,Tuesday,9,26.16,1305.0,10620,75,0.0,0,0,59.0,85.05
1/6/2015,Quarter1,Tuesday,10,3.94,,1440,0,0.0,0,0,8.0,80.964
1/6/2015,Quarter1,Tuesday,2,3.94,,1440,0,0.0,0,0,8.0,80.591
2016-01-06,Quarter1,Tuesday,2,28.08,716.0,10350,50,0.0,0,0,57.5,80.059
2016-01-06,Quarter1,Tuesday,4,28.08,925.0,10350,50,0.0,0,0,57.5,80.059
2016-01-06,Quarter1,Tuesday,3,19.87,963.0,9900,50,0.0,0,0,55.0,80.027
1/6/2015,Quarter1,Tuesday,12,11.61,1101.0,5310,50,0.0,0,0,31.5,80.014
1/6/2015,Quarter1,Tuesday,7,25.9,1035.0,10170,38,0.0,0,0,56.5,80.013
1/6/2015,Quarter1,Tuesday,8,25.9,1083.0,10170,38,0.0,0,0,56.5,80.013
1/6/2015,Quarter1,Tuesday,6,11.61,910.0,4470,38,0.0,0,0,31.5,80.008
2016-01-06,Quarter1,Tuesday,10,28.08,1209.0,10530,45,0.0,0,0,58.5,75.055
2016-01-06,Quarter1,Tuesday,11,19.31,590.0,9900,45,0.0,0,0,55.0,75.006
2016-01-06,Quarter1,Tuesday,8,2.9,,1440,0,0.0,0,0,8.0,68.106
1/6/2015,Quarter1,Tuesday,5,21.98,808.0,10440,35,0.0,0,0,58.0,64.998
2016-01-06,Quarter1,Tuesday,7,2.9,,1440,0,0.0,0,0,8.0,61.625
1/7/2015,Quarter1,Wednesday,1,3.94,,1440,0,0.0,0,0,8.0,95.142
1/7/2015,Quarter1,Wednesday,9,3.94,,1440,0,0.0,0,0,8.0,88.053
2016-01-07,Quarter1,Wednesday,1,26.16,1179.0,10620,75,0.0,0,0,59.0,85.05
2016-01-07,Quarter1,Wednesday,9,26.16,1324.0,10620,75,0.0,0,0,59.0,85.05
1/7/2015,Quarter1,Wednesday,8,25.9,1135.0,10170,60,0.0,0,0,56.5,85.014
1/7/2015,Quarter1,Wednesday,3,4.15,,2700,0,0.0,0,0,15.0,83.0
1/7/2015,Quarter1,Wednesday,4,3.94,,4440,0,0.0,0,0,18.0,82.719
1/7/2015,Quarter1,Wednesday,2,3.94,,1440,0,0.0,0,0,8.0,81.337
1/7/2015,Quarter1,Wednesday,10,3.94,,1440,0,0.0,0,0,8.0,80.591
1/7/2015,Quarter1,Wednesday,7,2.9,,1440,0,0.0,0,0,8.0,80.464
2016-01-07,Quarter1,Wednesday,2,28.08,776.0,10350,63,0.0,0,0,57.5,80.059
2016-01-07,Quarter1,Wednesday,4,28.08,990.0,10350,50,0.0,0,0,57.5,80.059
1/7/2015,Quarter1,Wednesday,6,11.41,986.0,5490,50,0.0,0,0,30.5,80.034
2016-01-07,Quarter1,Wednesday,3,19.87,924.0,9900,50,0.0,0,0,55.0,80.027
1/7/2015,Quarter1,Wednesday,12,11.61,1120.0,5670,50,0.0,0,0,31.5,80.025
2016-01-07,Quarter1,Wednesday,7,25.9,1066.0,10170,50,0.0,0,0,56.5,80.013
2016-01-07,Quarter1,Wednesday,10,28.08,1144.0,10530,69,0.0,0,0,58.5,80.0
1/7/2015,Quarter1,Wednesday,5,21.98,413.0,9720,40,0.0,0,0,58.0,70.048
2016-01-07,Quarter1,Wednesday,8,2.9,,1440,0,0.0,0,0,8.0,68.106
2016-01-07,Quarter1,Wednesday,6,2.9,,1800,0,0.0,0,0,10.0,66.652
1/7/2015,Quarter1,Wednesday,11,31.83,568.0,9900,40,0.0,0,0,55.0,41.212
2016-01-07,Quarter1,Wednesday,5,4.15,,1440,0,0.0,0,0,8.0,33.011
1/8/2015,Quarter2,Thursday,1,3.94,,1440,0,0.0,0,0,8.0,94.769
1/8/2015,Quarter2,Thursday,4,3.94,,12600,0,0.0,0,0,20.0,91.991
1/8/2015,Quarter2,Thursday,9,26.16,1216.0,10620,88,0.0,0,0,59.0,90.022
2016-01-08,Quarter2,Thursday,9,3.94,,1440,0,0.0,0,0,8.0,89.172
2016-01-08,Quarter2,Thursday,1,26.16,1189.0,10620,75,0.0,0,0,59.0,85.05
2016-01-08,Quarter2,Thursday,4,28.08,942.0,10530,75,0.0,0,0,58.5,85.018
1/8/2015,Quarter2,Thursday,7,25.9,1050.0,10170,60,0.0,0,0,56.5,85.014
1/8/2015,Quarter2,Thursday,8,25.9,1026.0,10170,60,0.0,0,0,56.5,85.014
1/8/2015,Quarter2,Thursday,2,3.94,,1440,0,0.0,0,0,8.0,83.576
1/8/2015,Quarter2,Thursday,5,4.15,,3840,0,0.0,0,0,8.0,82.135
2016-01-08,Quarter2,Thursday,2,28.08,783.0,10050,63,0.0,0,0,58.5,80.05
1/8/2015,Quarter2,Thursday,3,19.87,857.0,9900,50,0.0,0,0,55.0,80.027
1/8/2015,Quarter2,Thursday,12,11.61,548.0,15120,63,0.0,0,0,31.5,80.011
1/8/2015,Quarter2,Thursday,6,11.41,411.0,14640,50,0.0,0,0,30.5,80.002
1/8/2015,Quarter2,Thursday,10,28.08,1066.0,10530,69,0.0,0,0,58.5,80.0
2016-01-08,Quarter2,Thursday,10,3.94,,1440,0,0.0,0,0,8.0,77.979
2016-01-08,Quarter2,Thursday,8,2.9,,1440,0,0.0,0,0,8.0,73.598
2016-01-08,Quarter2,Thursday,3,4.15,,2160,0,0.0,0,0,12.0,71.263
2016-01-08,Quarter2,Thursday,7,2.9,,1440,0,0.0,0,0,8.0,68.106
1/8/2015,Quarter2,Thursday,11,4.15,,900,0,0.0,0,0,5.0,51.561
2016-01-08,Quarter2,Thursday,11,12.52,287.0,25920,38,0.0,0,0,54.0,34.995
2016-01-08,Quarter2,Thursday,5,42.41,724.0,10260,0,0.0,0,0,57.0,23.371
1/10/2015,Quarter2,Saturday,1,3.94,,2160,0,0.0,0,0,8.0,98.5
1/10/2015,Quarter2,Saturday,3,4.15,,2760,0,0.0,0,0,12.0,93.034
1/10/2015,Quarter2,Saturday,4,3.94,,6000,0,0.0,0,0,20.0,91.159
1/10/2015,Quarter2,Saturday,9,3.94,,1440,0,0.0,0,0,8.0,85.814
2016-01-10,Quarter2,Saturday,9,26.16,1122.0,10620,75,0.0,0,0,59.0,85.117
1/10/2015,Quarter2,Saturday,7,25.9,970.0,10170,60,0.0,0,0,56.5,85.014
1/10/2015,Quarter2,Saturday,8,25.9,1158.0,10170,60,0.0,0,0,56.5,85.014
1/10/2015,Quarter2,Saturday,10,3.94,,1440,0,0.0,0,0,8.0,84.695
1/10/2015,Quarter2,Saturday,11,4.15,,1440,0,0.0,0,0,8.0,81.742
1/10/2015,Quarter2,Saturday,2,3.94,,1440,0,0.0,0,0,8.0,81.71
2016-01-10,Quarter2,Saturday,4,28.08,660.0,10440,63,0.0,0,0,58.0,80.103
2016-01-10,Quarter2,Saturday,2,28.08,749.0,10350,63,0.0,0,0,57.5,80.059
1/10/2015,Quarter2,Saturday,12,11.61,893.0,4710,50,0.0,0,0,31.5,80.035
1/10/2015,Quarter2,Saturday,6,11.41,887.0,5490,50,0.0,0,0,30.5,80.034
2016-01-10,Quarter2,Saturday,1,26.16,1335.0,10620,63,0.0,0,0,59.0,80.012
2016-01-10,Quarter2,Saturday,10,28.08,1082.0,10530,63,0.0,0,0,58.5,80.0
2016-01-10,Quarter2,Saturday,3,19.87,1075.0,7080,45,0.0,0,0,56.0,75.01
2016-01-10,Quarter2,Saturday,11,12.52,749.0,9540,38,0.0,0,0,53.0,67.325
2016-01-10,Quarter2,Saturday,7,2.9,,1440,0,0.0,0,0,8.0,67.008
2016-01-10,Quarter2,Saturday,8,2.9,,1440,0,0.0,0,0,8.0,62.888
1/10/2015,Quarter2,Saturday,5,20.79,966.0,7680,0,0.0,0,0,56.0,38.801
2016-01-10,Quarter2,Saturday,5,4.15,,1440,0,0.0,0,0,8.0,33.797
1/11/2015,Quarter2,Sunday,3,4.15,,1440,0,0.0,0,0,8.0,93.532
1/11/2015,Quarter2,Sunday,4,3.94,,3600,0,0.0,0,0,20.0,92.564
1/11/2015,Quarter2,Sunday,9,26.16,1095.0,10620,88,0.0,0,0,59.0,90.022
1/11/2015,Quarter2,Sunday,1,3.94,,1440,0,0.0,0,0,8.0,87.307
2016-01-11,Quarter2,Sunday,9,3.94,,1440,0,0.0,0,0,8.0,85.814
2016-01-11,Quarter2,Sunday,1,26.16,1383.0,10620,75,0.0,0,0,59.0,85.05
1/11/2015,Quarter2,Sunday,7,25.9,1012.0,10170,45,0.0,0,0,56.5,85.014
1/11/2015,Quarter2,Sunday,8,25.9,1209.0,10170,60,0.0,0,0,56.5,85.014
1/11/2015,Quarter2,Sunday,10,3.94,,1440,0,0.0,0,0,8.0,82.83
1/11/2015,Quarter2,Sunday,2,3.94,,1440,0,0.0,0,0,8.0,82.083
1/11/2015,Quarter2,Sunday,6,11.41,887.0,5490,50,0.0,0,0,30.5,80.034
1/11/2015,Quarter2,Sunday,12,11.61,896.0,5670,50,0.0,0,0,31.5,80.025
2016-01-11,Quarter2,Sunday,2,28.08,805.0,10530,63,0.0,0,0,58.5,80.0
2016-01-11,Quarter2,Sunday,10,28.08,762.0,10530,38,0.0,0,0,58.5,80.0
2016-01-11,Quarter2,Sunday,3,19.87,1043.0,6420,0,0.0,0,0,55.0,69.018
1/11/2015,Quarter2,Sunday,11,4.15,,1440,0,0.0,0,0,8.0,66.809
2016-01-11,Quarter2,Sunday,8,2.9,,1440,0,0.0,0,0,8.0,65.36
1/11/2015,Quarter2,Sunday,5,4.15,,1440,0,0.0,0,0,8.0,60.914
2016-01-11,Quarter2,Sunday,11,12.52,831.0,9540,30,0.0,0,0,53.0,60.023
2016-01-11,Quarter2,Sunday,6,2.9,,1440,0,0.0,0,0,8.0,59.735
2016-01-11,Quarter2,Sunday,7,2.9,,1440,0,0.0,0,0,8.0,59.044
2016-01-11,Quarter2,Sunday,4,50.48,562.0,10440,0,0.0,0,0,58.0,47.313
2016-01-11,Quarter2,Sunday,5,20.79,1208.0,7980,0,0.0,0,0,57.0,45.298
1/12/2015,Quarter2,Monday,1,3.94,,1440,0,0.0,0,0,8.0,95.515
1/12/2015,Quarter2,Monday,4,4.3,,3240,0,0.0,0,0,18.0,94.221
1/12/2015,Quarter2,Monday,3,4.15,,1800,0,0.0,0,0,10.0,90.545
1/12/2015,Quarter2,Monday,2,3.94,,1440,0,0.0,0,0,8.0,88.053
1/12/2015,Quarter2,Monday,9,3.94,,1440,0,0.0,0,0,8.0,85.814
2016-01-12,Quarter2,Monday,1,26.16,1099.0,8220,75,0.0,0,0,59.0,85.052
2016-01-12,Quarter2,Monday,9,26.16,1093.0,10620,75,0.0,0,0,59.0,85.05
1/12/2015,Quarter2,Monday,7,25.9,1031.0,10170,60,0.0,0,0,56.5,85.014
1/12/2015,Quarter2,Monday,8,25.9,1233.0,10170,60,0.0,0,0,56.5,85.014
1/12/2015,Quarter2,Monday,6,2.9,,1440,0,0.0,0,0,8.0,81.742
1/12/2015,Quarter2,Monday,5,4.15,,1440,0,0.0,0,0,8.0,80.956
2016-01-12,Quarter2,Monday,3,19.87,941.0,9900,0,0.0,0,0,55.0,80.027
2016-01-12,Quarter2,Monday,6,11.41,843.0,5670,50,0.0,0,0,31.5,80.018
1/12/2015,Quarter2,Monday,12,11.61,760.0,4470,50,0.0,0,0,31.5,80.008
2016-01-12,Quarter2,Monday,2,28.08,737.0,10530,63,0.0,0,0,58.5,80.0
2016-01-12,Quarter2,Monday,8,2.9,,1440,0,0.0,0,0,8.0,72.5
1/12/2015,Quarter2,Monday,10,50.48,381.0,6930,45,0.0,0,0,58.5,68.856
2016-01-12,Quarter2,Monday,5,20.79,1141.0,8460,0,0.0,0,0,59.0,65.004
1/12/2015,Quarter2,Monday,11,12.52,1004.0,9540,44,0.0,0,0,53.0,64.998
2016-01-12,Quarter2,Monday,7,2.9,,1440,0,0.0,0,0,8.0,64.811
2016-01-12,Quarter2,Monday,11,4.15,,1440,0,0.0,0,0,8.0,64.058
2016-01-12,Quarter2,Monday,4,22.4,581.0,7350,0,0.0,0,0,51.5,35.063
2016-01-12,Quarter2,Monday,10,3.94,,1440,0,0.0,0,0,8.0,24.625
1/13/2015,Quarter2,Tuesday,4,4.3,,2160,0,0.0,0,0,12.0,95.202
1/13/2015,Quarter2,Tuesday,1,3.94,,1440,0,0.0,0,0,2.0,95.142
1/13/2015,Quarter2,Tuesday,10,3.94,,5400,0,0.0,0,0,20.0,91.277
1/13/2015,Quarter2,Tuesday,3,4.15,,1620,0,0.0,0,0,9.0,90.126
1/13/2015,Quarter2,Tuesday,9,3.94,,1440,0,0.0,0,0,8.0,85.814
2016-01-13,Quarter2,Tuesday,1,26.16,1073.0,10620,75,0.0,0,0,59.0,85.05
2016-01-13,Quarter2,Tuesday,9,26.16,1156.0,10620,75,0.0,0,0,59.0,85.05
1/13/2015,Quarter2,Tuesday,8,25.9,1211.0,10260,60,0.0,0,0,57.0,85.025
1/13/2015,Quarter2,Tuesday,7,25.9,1126.0,10170,60,0.0,0,0,56.5,85.014
1/13/2015,Quarter2,Tuesday,5,4.15,,1440,0,0.0,0,0,8.0,82.135
1/13/2015,Quarter2,Tuesday,2,3.94,,1440,0,0.0,0,0,8.0,80.591
1/13/2015,Quarter2,Tuesday,6,11.61,1004.0,5670,50,0.0,0,0,31.5,80.025
1/13/2015,Quarter2,Tuesday,12,11.61,1063.0,5670,50,0.0,0,0,31.5,80.025
2016-01-13,Quarter2,Tuesday,2,28.08,723.0,10530,50,0.0,0,0,58.5,80.0
2016-01-13,Quarter2,Tuesday,3,42.27,465.0,9900,54,0.0,0,0,55.0,70.558
2016-01-13,Quarter2,Tuesday,8,2.9,,1440,0,0.0,0,0,8.0,68.106
2016-01-13,Quarter2,Tuesday,7,2.9,,1440,0,0.0,0,0,8.0,67.008
1/13/2015,Quarter2,Tuesday,11,4.15,,1440,0,0.0,0,0,8.0,60.128
2016-01-13,Quarter2,Tuesday,11,27.13,530.0,9540,37,0.0,0,0,53.0,58.23
2016-01-13,Quarter2,Tuesday,5,20.79,1297.0,10440,0,0.0,0,0,58.0,52.681
2016-01-13,Quarter2,Tuesday,4,22.4,783.0,10170,23,0.0,0,0,56.5,50.038
2016-01-13,Quarter2,Tuesday,10,22.4,715.0,10170,23,0.0,0,0,56.5,35.021
1/14/2015,Quarter2,Wednesday,11,4.15,,1980,0,0.0,0,0,7.0,93.461
1/14/2015,Quarter2,Wednesday,4,4.3,,2700,0,0.0,0,0,8.0,90.808
1/14/2015,Quarter2,Wednesday,7,25.9,1150.0,10170,70,0.0,0,0,56.5,90.014
1/14/2015,Quarter2,Wednesday,1,3.94,,1440,0,0.0,0,0,8.0,89.172
1/14/2015,Quarter2,Wednesday,5,4.15,,1440,0,0.0,0,0,15.0,86.458
1/14/2015,Quarter2,Wednesday,9,3.94,,1440,0,0.0,0,0,8.0,85.814
2016-01-14,Quarter2,Wednesday,9,26.16,1232.0,10620,75,0.0,0,0,59.0,85.05
1/14/2015,Quarter2,Wednesday,8,25.9,1218.0,10170,60,0.0,0,0,56.5,85.014
2016-01-14,Quarter2,Wednesday,7,2.9,,1440,0,0.0,0,0,8.0,83.759
1/14/2015,Quarter2,Wednesday,3,4.15,,1440,0,0.0,0,0,7.0,82.083
1/14/2015,Quarter2,Wednesday,12,11.61,1159.0,2970,50,0.0,0,0,31.5,80.031
1/14/2015,Quarter2,Wednesday,6,11.61,972.0,5670,38,0.0,0,0,31.5,80.025
2016-01-14,Quarter2,Wednesday,1,26.16,1092.0,10620,63,0.0,0,0,59.0,80.012
2016-01-14,Quarter2,Wednesday,5,20.79,965.0,7320,0,0.0,0,0,58.0,70.01
2016-01-14,Quarter2,Wednesday,8,2.9,,1440,0,0.0,0,0,8.0,66.733
2016-01-14,Quarter2,Wednesday,4,22.4,816.0,5100,23,0.0,0,0,57.0,60.037
1/14/2015,Quarter2,Wednesday,10,22.4,947.0,3390,23,0.0,0,0,56.5,49.998
2016-01-14,Quarter2,Wednesday,11,14.61,838.0,7200,23,0.0,0,0,55.0,35.003
2016-01-14,Quarter2,Wednesday,10,3.94,,1260,0,0.0,0,0,8.0,33.236
1/14/2015,Quarter2,Wednesday,2,51.02,1086.0,4260,27,0.0,0,0,57.0,31.121
2016-01-14,Quarter2,Wednesday,2,3.94,,1260,0,0.0,0,0,8.0,24.732
1/15/2015,Quarter3,Thursday,4,4.3,,3600,0,0.0,0,0,20.0,98.864
1/15/2015,Quarter3,Thursday,10,3.94,,3420,0,0.0,0,0,19.0,95.311
1/15/2015,Quarter3,Thursday,1,3.94,,1440,0,0.0,0,0,8.0,88.426
1/15/2015,Quarter3,Thursday,5,4.15,,1440,0,0.0,0,0,8.0,86.065
1/15/2015,Quarter3,Thursday,9,3.94,,1440,0,0.0,0,0,8.0,85.814
2016-01-15,Quarter3,Thursday,1,26.16,1160.0,10620,75,0.0,0,0,59.0,85.05
1/15/2015,Quarter3,Thursday,8,25.9,1177.0,8970,60,0.0,0,0,56.5,85.042
1/15/2015,Quarter3,Thursday,7,25.9,1281.0,10170,60,0.0,0,0,56.5,85.014
2016-01-15,Quarter3,Thursday,9,26.16,1369.0,10620,63,0.0,0,0,59.0,80.012
1/15/2015,Quarter3,Thursday,6,11.61,1084.0,4950,38,0.0,0,0,31.5,80.003
1/15/2015,Quarter3,Thursday,12,11.61,1216.0,4950,50,0.0,0,0,31.5,80.003
2016-01-15,Quarter3,Thursday,5,20.79,391.0,10440,0,0.0,0,0,58.0,70.006
2016-01-15,Quarter3,Thursday,7,2.9,,1440,0,0.0,0,0,8.0,68.93
1/15/2015,Quarter3,Thursday,3,22.52,1102.0,10170,30,0.0,0,0,56.5,66.068
2016-01-15,Quarter3,Thursday,4,22.52,872.0,10080,26,0.0,0,0,56.0,65.013
2016-01-15,Quarter3,Thursday,8,2.9,,1440,0,0.0,0,0,8.0,60.691
2016-01-15,Quarter3,Thursday,10,22.52,1076.0,10170,23,0.0,0,0,56.5,60.029
1/15/2015,Quarter3,Thursday,11,14.89,917.0,9900,30,0.0,0,0,55.0,50.003
1/15/2015,Quarter3,Thursday,2,22.94,1044.0,9810,23,0.0,0,0,54.5,50.0
1/17/2015,Quarter3,Saturday,5,4.15,,2700,0,0.0,0,0,15.0,98.72
1/17/2015,Quarter3,Saturday,2,3.94,,1800,0,0.0,0,0,10.0,98.091
1/17/2015,Quarter3,Saturday,10,3.94,,1440,0,0.0,0,0,8.0,97.462
1/17/2015,Quarter3,Saturday,1,3.94,,1440,0,0.0,0,0,8.0,88.426
1/17/2015,Quarter3,Saturday,9,3.94,,1800,0,0.0,0,0,10.0,82.68
1/17/2015,Quarter3,Saturday,6,11.41,1067.0,5490,63,0.0,0,0,30.5,80.034
1/17/2015,Quarter3,Saturday,12,11.61,1039.0,5670,63,0.0,0,0,31.5,80.025
1/17/2015,Quarter3,Saturday,7,25.9,1396.0,10170,50,0.0,0,0,56.5,80.013
1/17/2015,Quarter3,Saturday,8,25.9,1292.0,10170,50,0.0,0,0,56.5,80.013
2016-01-17,Quarter3,Saturday,1,48.68,171.0,10620,63,0.0,0,0,59.0,80.012
2016-01-17,Quarter3,Saturday,9,26.16,1128.0,10620,63,0.0,0,0,59.0,80.012
2016-01-17,Quarter3,Saturday,2,22.94,865.0,6570,23,0.0,0,0,56.5,77.011
1/17/2015,Quarter3,Saturday,4,22.52,825.0,10170,50,0.0,0,0,56.5,70.054
2016-01-17,Quarter3,Saturday,8,2.9,,1440,0,0.0,0,0,8.0,67.557
2016-01-17,Quarter3,Saturday,7,2.9,,1440,0,0.0,0,0,8.0,66.184
2016-01-17,Quarter3,Saturday,10,22.52,1163.0,9720,35,0.0,0,0,54.0,65.02
1/17/2015,Quarter3,Saturday,3,22.52,1140.0,10170,30,0.0,0,0,56.5,60.029
1/17/2015,Quarter3,Saturday,11,14.89,1027.0,10080,38,0.0,0,0,56.0,60.027
2016-01-17,Quarter3,Saturday,6,2.9,,900,0,0.0,0,0,5.0,46.576
2016-01-17,Quarter3,Saturday,5,41.19,1052.0,10440,21,0.0,0,0,58.0,45.201
2016-01-17,Quarter3,Saturday,11,4.15,,1260,0,0.0,0,0,7.0,31.385
1/18/2015,Quarter3,Sunday,5,4.15,,1440,0,0.0,0,0,8.0,85.279
1/18/2015,Quarter3,Sunday,11,4.15,,2160,0,0.0,0,0,12.0,83.838
1/18/2015,Quarter3,Sunday,6,2.9,,1800,0,0.0,0,0,10.0,80.485
2016-01-18,Quarter3,Sunday,6,11.41,1140.0,5490,63,0.0,0,0,30.5,80.034
1/18/2015,Quarter3,Sunday,7,48.84,624.0,10170,50,0.0,0,0,56.5,80.013
1/18/2015,Quarter3,Sunday,8,25.9,1288.0,10170,38,0.0,0,0,56.5,80.013
1/18/2015,Quarter3,Sunday,9,26.16,1381.0,3660,50,0.0,0,0,59.0,80.002
1/18/2015,Quarter3,Sunday,4,22.52,882.0,10170,50,0.0,0,0,56.5,70.054
1/18/2015,Quarter3,Sunday,10,22.52,1002.0,10080,40,0.0,0,0,56.0,70.009
2016-01-18,Quarter3,Sunday,7,2.9,,1440,0,0.0,0,0,8.0,69.205
1/18/2015,Quarter3,Sunday,12,26.87,585.0,5670,56,0.0,0,0,31.5,66.226
1/18/2015,Quarter3,Sunday,3,22.52,1138.0,10170,35,0.0,0,0,56.5,65.042
2016-01-18,Quarter3,Sunday,11,14.89,1140.0,10260,44,0.0,0,0,57.0,65.03
1/18/2015,Quarter3,Sunday,2,22.94,1025.0,10170,26,0.0,0,0,56.5,65.024
2016-01-18,Quarter3,Sunday,8,2.9,,1440,0,0.0,0,0,8.0,63.987
2016-01-18,Quarter3,Sunday,5,20.4,1031.0,10440,30,0.0,0,0,58.0,60.006
2016-01-18,Quarter3,Sunday,9,3.94,,1800,0,0.0,0,0,10.0,58.205
1/18/2015,Quarter3,Sunday,1,49.1,1381.0,10350,24,0.0,0,0,57.5,40.324
2016-01-18,Quarter3,Sunday,10,3.94,,1440,0,0.0,0,0,8.0,23.58
1/19/2015,Quarter3,Monday,4,4.3,,5040,0,0.0,0,0,28.0,97.727
1/19/2015,Quarter3,Monday,9,3.94,,1800,0,0.0,0,0,10.0,96.411
1/19/2015,Quarter3,Monday,5,4.15,,1440,0,0.0,0,0,8.0,95.89
1/19/2015,Quarter3,Monday,6,11.41,1028.0,4380,50,0.0,0,0,31.0,80.036
1/19/2015,Quarter3,Monday,8,25.9,1380.0,3630,50,0.0,0,0,56.5,80.016
2016-01-19,Quarter3,Monday,9,26.16,1196.0,10620,63,0.0,0,0,59.0,80.012
1/19/2015,Quarter3,Monday,12,2.9,,1440,0,0.0,0,0,8.0,79.384
1/19/2015,Quarter3,Monday,2,22.94,1006.0,10170,38,0.0,0,0,56.5,75.052
2016-01-19,Quarter3,Monday,4,22.52,930.0,10260,63,0.0,0,0,57.0,75.007
1/19/2015,Quarter3,Monday,3,22.52,1095.0,10170,50,0.0,0,0,56.5,75.006
1/19/2015,Quarter3,Monday,10,22.52,938.0,10080,63,0.0,0,0,56.0,75.006
1/19/2015,Quarter3,Monday,11,14.89,1484.0,10260,50,0.0,0,0,57.0,70.017
2016-01-19,Quarter3,Monday,8,2.9,,1440,0,0.0,0,0,8.0,68.381
2016-01-19,Quarter3,Monday,5,20.4,1255.0,8280,35,0.0,0,0,58.0,65.007
1/19/2015,Quarter3,Monday,7,48.84,1040.0,10260,30,0.0,0,0,57.0,57.646
1/19/2015,Quarter3,Monday,1,22.94,1492.0,10170,30,0.0,0,0,56.5,54.997
2016-01-19,Quarter3,Monday,10,3.94,,1440,0,0.0,0,0,8.0,53.84
2016-01-19,Quarter3,Monday,11,4.15,,1440,0,0.0,0,0,8.0,40.955
2016-01-19,Quarter3,Monday,12,15.26,1111.0,6120,23,0.0,0,0,34.0,35.022
1/20/2015,Quarter3,Tuesday,5,4.15,,1440,0,0.0,0,0,8.0,103.357
1/20/2015,Quarter3,Tuesday,6,11.41,1047.0,5580,63,0.0,0,0,31.0,80.026
1/20/2015,Quarter3,Tuesday,8,25.9,1434.0,10170,50,0.0,0,0,56.5,80.013
1/20/2015,Quarter3,Tuesday,9,26.16,399.0,10620,63,0.0,0,0,59.0,80.012
1/20/2015,Quarter3,Tuesday,4,22.52,983.0,10260,63,0.0,0,0,57.0,75.007
1/20/2015,Quarter3,Tuesday,10,22.52,1108.0,10080,63,0.0,0,0,56.0,75.006
1/20/2015,Quarter3,Tuesday,3,22.52,1134.0,8460,50,0.0,0,0,57.0,75.004
1/20/2015,Quarter3,Tuesday,2,22.94,1363.0,10260,50,0.0,0,0,57.0,75.003
2016-01-20,Quarter3,Tuesday,9,3.94,,1800,0,0.0,0,0,10.0,72.83
1/20/2015,Quarter3,Tuesday,11,14.89,1501.0,10260,50,0.0,0,0,57.0,70.017
2016-01-20,Quarter3,Tuesday,5,20.4,1352.0,10260,50,0.0,0,0,57.0,70.006
2016-01-20,Quarter3,Tuesday,8,2.9,,1440,0,0.0,0,0,8.0,63.987
1/20/2015,Quarter3,Tuesday,12,15.26,1352.0,3720,23,0.0,0,0,34.0,50.029
1/20/2015,Quarter3,Tuesday,7,22.94,1450.0,10080,30,0.0,0,0,56.0,40.033
2016-01-20,Quarter3,Tuesday,11,4.15,,2700,0,0.0,0,0,15.0,36.267
1/21/2015,Quarter3,Wednesday,4,4.3,,6000,0,0.0,0,0,20.0,97.853
1/21/2015,Quarter3,Wednesday,2,3.94,,5100,0,0.0,0,0,17.0,91.22
2016-01-21,Quarter3,Wednesday,4,22.52,825.0,10080,94,0.0,0,0,56.0,90.056
1/21/2015,Quarter3,Wednesday,6,11.61,916.0,5760,75,0.0,0,0,89.0,85.041
1/21/2015,Quarter3,Wednesday,9,3.94,,2400,0,0.0,0,0,8.0,82.715
1/21/2015,Quarter3,Wednesday,8,25.9,562.0,7470,38,0.0,0,0,56.5,80.044
2016-01-21,Quarter3,Wednesday,2,22.94,1422.0,10500,60,0.0,0,0,57.0,80.042
1/21/2015,Quarter3,Wednesday,10,22.52,1206.0,10080,75,0.0,0,0,56.0,80.002
1/21/2015,Quarter3,Wednesday,5,4.15,,2400,0,0.0,0,0,8.0,75.817
2016-01-21,Quarter3,Wednesday,5,20.4,1404.0,10440,50,0.0,0,0,58.0,75.034
1/21/2015,Quarter3,Wednesday,3,22.52,1139.0,10260,63,0.0,0,0,57.0,75.007
1/21/2015,Quarter3,Wednesday,11,14.89,1735.0,10260,50,0.0,0,0,57.0,70.017
1/21/2015,Quarter3,Wednesday,1,22.94,1595.0,10260,34,0.0,0,0,57.0,70.003
1/21/2015,Quarter3,Wednesday,12,15.26,1245.0,6360,23,0.0,0,0,34.0,60.017
2016-01-21,Quarter3,Wednesday,8,2.9,,2400,0,0.0,0,0,8.0,59.487
2016-01-21,Quarter3,Wednesday,9,54.56,757.0,4140,29,0.0,0,0,58.0,52.024
2016-01-21,Quarter3,Wednesday,1,3.94,,2400,0,0.0,0,0,8.0,50.513
1/21/2015,Quarter3,Wednesday,7,22.52,1720.0,10080,23,0.0,0,0,56.0,50.024
2016-01-21,Quarter3,Wednesday,11,4.15,,2700,0,0.0,0,0,9.0,47.077
1/22/2015,Quarter4,Thursday,7,3.94,,6000,0,0.0,0,0,10.0,95.764
1/22/2015,Quarter4,Thursday,10,3.94,,8400,0,0.0,0,0,14.0,94.07
1/22/2015,Quarter4,Thursday,4,22.52,759.0,10080,81,0.0,0,0,56.0,84.998
1/22/2015,Quarter4,Thursday,2,22.94,1510.0,10620,60,0.0,0,0,57.0,80.03
1/22/2015,Quarter4,Thursday,6,11.61,955.0,6360,63,0.0,0,0,32.0,80.019
2016-01-22,Quarter4,Thursday,10,22.52,1328.0,10080,55,0.0,0,0,56.0,80.002
1/22/2015,Quarter4,Thursday,1,22.94,1384.0,12180,63,0.0,0,0,57.0,75.016
1/22/2015,Quarter4,Thursday,3,22.52,1244.0,10260,63,0.0,0,0,57.0,75.007
1/22/2015,Quarter4,Thursday,5,4.15,,9000,0,0.0,0,0,15.0,74.29
2016-01-22,Quarter4,Thursday,5,20.4,1480.0,10440,40,0.0,0,0,58.0,70.025
1/22/2015,Quarter4,Thursday,11,14.89,1863.0,10260,50,0.0,0,0,57.0,70.017
2016-01-22,Quarter4,Thursday,4,4.3,,9000,0,0.0,0,0,15.0,67.022
2016-01-22,Quarter4,Thursday,1,3.94,,15000,0,0.0,0,0,25.0,64.966
2016-01-22,Quarter4,Thursday,2,3.94,,15000,0,0.0,0,0,25.0,64.966
2016-01-22,Quarter4,Thursday,6,2.9,,4800,0,0.0,0,0,8.0,62.682
1/22/2015,Quarter4,Thursday,12,15.26,1492.0,6960,23,0.0,0,0,34.0,60.044
2016-01-22,Quarter4,Thursday,7,22.52,1859.0,10260,23,0.0,0,0,57.0,60.041
1/22/2015,Quarter4,Thursday,8,40.99,980.0,10770,30,0.0,0,0,56.5,55.55
1/22/2015,Quarter4,Thursday,9,29.12,970.0,10440,30,0.0,0,0,58.0,50.055
2016-01-22,Quarter4,Thursday,3,3.94,,12000,0,0.0,0,0,20.0,46.058
2016-01-22,Quarter4,Thursday,8,2.9,,4800,0,0.0,0,0,8.0,39.774
2016-01-22,Quarter4,Thursday,12,4.08,,5400,0,0.0,0,0,9.0,32.741
1/24/2015,Quarter4,Saturday,5,4.15,,2700,0,0.0,0,0,15.0,96.667
1/24/2015,Quarter4,Saturday,10,3.94,,1800,0,0.0,0,0,10.0,93.724
1/24/2015,Quarter4,Saturday,8,2.9,,1620,0,0.0,0,0,9.0,91.052
1/24/2015,Quarter4,Saturday,2,22.94,1606.0,10260,94,0.0,0,0,57.0,90.065
1/24/2015,Quarter4,Saturday,4,22.52,727.0,10260,94,0.0,0,0,57.0,90.032
1/24/2015,Quarter4,Saturday,11,4.15,,1800,0,0.0,0,0,10.0,89.602
1/24/2015,Quarter4,Saturday,3,3.94,,1440,0,0.0,0,0,8.0,89.545
1/24/2015,Quarter4,Saturday,7,3.94,,2160,0,0.0,0,0,12.0,87.058
1/24/2015,Quarter4,Saturday,12,4.08,,1620,0,0.0,0,0,9.0,85.859
1/24/2015,Quarter4,Saturday,1,22.94,1472.0,10260,75,0.0,0,0,57.0,80.064
2016-01-24,Quarter4,Saturday,10,22.52,1332.0,10080,69,0.0,0,0,56.0,80.063
1/24/2015,Quarter4,Saturday,6,11.61,1009.0,5640,63,0.0,0,0,32.0,80.054
2016-01-24,Quarter4,Saturday,3,22.52,1266.0,10260,69,0.0,0,0,57.0,80.035
2016-01-24,Quarter4,Saturday,12,15.26,1316.0,6120,40,0.0,0,0,34.0,75.008
2016-01-24,Quarter4,Saturday,11,42.97,1282.0,10260,56,0.0,0,0,57.0,75.004
2016-01-24,Quarter4,Saturday,5,20.4,1382.0,10440,50,0.0,0,0,58.0,70.025
2016-01-24,Quarter4,Saturday,4,4.3,,2160,0,0.0,0,0,12.0,65.152
2016-01-24,Quarter4,Saturday,7,22.52,1295.0,10170,26,0.0,0,0,56.5,65.042
1/24/2015,Quarter4,Saturday,9,29.12,925.0,6660,23,0.0,0,0,58.0,60.013
2016-01-24,Quarter4,Saturday,2,3.94,,1440,0,0.0,0,0,8.0,57.831
2016-01-24,Quarter4,Saturday,1,3.94,,1440,0,0.0,0,0,8.0,57.831
2016-01-24,Quarter4,Saturday,8,15.09,1448.0,9360,23,0.0,0,0,52.0,34.999
2016-01-24,Quarter4,Saturday,9,3.94,,1440,0,0.0,0,0,8.0,26.117
1/25/2015,Quarter4,Sunday,5,4.15,,3060,0,0.0,0,0,17.0,97.38
1/25/2015,Quarter4,Sunday,2,3.94,,1440,0,0.0,0,0,8.0,97.008
1/25/2015,Quarter4,Sunday,1,3.94,,1440,0,0.0,0,0,8.0,97.008
1/25/2015,Quarter4,Sunday,3,3.94,,1620,0,0.0,0,0,9.0,96.178
1/25/2015,Quarter4,Sunday,10,3.94,,3420,0,0.0,0,0,19.0,95.515
1/25/2015,Quarter4,Sunday,4,4.3,,2160,0,0.0,0,0,12.0,95.202
2016-01-25,Quarter4,Sunday,4,22.52,867.0,10260,94,0.0,0,0,57.0,90.032
2016-01-25,Quarter4,Sunday,2,22.94,1636.0,10530,81,0.0,0,0,58.5,85.022
2016-01-25,Quarter4,Sunday,1,22.94,1682.0,10530,75,0.0,0,0,58.5,80.091
2016-01-25,Quarter4,Sunday,3,22.52,1495.0,10350,55,0.0,0,0,57.5,80.051
1/25/2015,Quarter4,Sunday,6,11.61,1181.0,5760,63,0.0,0,0,32.0,80.039
2016-01-25,Quarter4,Sunday,10,22.52,1413.0,10080,69,0.0,0,0,56.0,80.002
1/25/2015,Quarter4,Sunday,7,3.94,,2520,0,0.0,0,0,14.0,74.919
2016-01-25,Quarter4,Sunday,7,22.52,360.0,10170,40,0.0,0,0,56.5,70.054
1/25/2015,Quarter4,Sunday,12,15.26,1296.0,6120,40,0.0,0,0,34.0,70.044
2016-01-25,Quarter4,Sunday,5,20.4,1217.0,10440,50,0.0,0,0,58.0,70.025
1/25/2015,Quarter4,Sunday,9,29.12,1086.0,10440,26,0.0,0,0,58.0,65.041
2016-01-25,Quarter4,Sunday,12,4.08,,1620,0,0.0,0,0,9.0,61.818
1/25/2015,Quarter4,Sunday,11,42.97,532.0,10260,40,0.0,0,0,57.0,59.114
1/25/2015,Quarter4,Sunday,8,15.09,1557.0,720,23,0.0,0,0,52.0,50.006
2016-01-25,Quarter4,Sunday,8,2.9,,720,0,0.0,0,0,4.0,32.955
1/26/2015,Quarter4,Monday,3,3.94,,1800,0,0.0,0,0,10.0,105.962
1/26/2015,Quarter4,Monday,10,3.94,,3780,0,0.0,0,0,21.0,99.779
1/26/2015,Quarter4,Monday,4,4.3,,2160,0,0.0,0,0,12.0,96.37
1/26/2015,Quarter4,Monday,5,4.15,,2700,0,0.0,0,0,15.0,95.919
1/26/2015,Quarter4,Monday,2,3.94,,1800,0,0.0,0,0,10.0,91.038
1/26/2015,Quarter4,Monday,1,3.94,,1800,0,0.0,0,0,10.0,91.038
2016-01-26,Quarter4,Monday,4,22.52,1016.0,10170,60,0.0,0,0,56.5,85.031
1/26/2015,Quarter4,Monday,6,11.61,1072.0,5760,50,0.0,0,0,32.0,80.039
2016-01-26,Quarter4,Monday,3,22.52,1584.0,10260,69,0.0,0,0,57.0,80.035
2016-01-26,Quarter4,Monday,2,22.94,1764.0,10260,55,0.0,0,0,57.0,80.003
2016-01-26,Quarter4,Monday,1,22.94,1745.0,10440,60,0.0,0,0,58.0,80.002
2016-01-26,Quarter4,Monday,10,22.52,1250.0,10080,55,0.0,0,0,56.0,80.002
1/26/2015,Quarter4,Monday,12,4.08,,1620,0,0.0,0,0,9.0,76.929
2016-01-26,Quarter4,Monday,5,20.4,1118.0,10320,56,0.0,0,0,58.0,75.003
1/26/2015,Quarter4,Monday,9,29.12,1143.0,10440,40,0.0,0,0,58.0,70.061
2016-01-26,Quarter4,Monday,12,15.26,1337.0,6120,40,0.0,0,0,34.0,70.044
1/26/2015,Quarter4,Monday,7,3.94,,1440,0,0.0,0,0,8.0,64.631
1/26/2015,Quarter4,Monday,8,15.09,1519.0,360,23,0.0,0,0,52.0,60.014
1/26/2015,Quarter4,Monday,11,28.08,749.0,10260,23,0.0,0,0,57.0,35.007
1/27/2015,Quarter4,Tuesday,2,22.52,1635.0,6840,119,0.0,0,0,57.0,100.023
1/27/2015,Quarter4,Tuesday,3,22.52,1299.0,6840,119,0.0,0,0,57.0,100.023
1/27/2015,Quarter4,Tuesday,10,3.94,,1440,0,0.0,0,0,12.0,97.953
1/27/2015,Quarter4,Tuesday,4,4.3,,1440,0,0.0,0,0,12.0,94.062
1/27/2015,Quarter4,Tuesday,5,4.15,,1440,0,0.0,0,0,12.0,92.639
2016-01-27,Quarter4,Tuesday,10,22.52,1134.0,6720,70,0.0,0,0,56.0,90.013
2016-01-27,Quarter4,Tuesday,3,3.94,,1440,0,0.0,0,0,12.0,86.188
2016-01-27,Quarter4,Tuesday,4,22.52,1106.0,6780,60,0.0,0,0,56.5,85.031
1/27/2015,Quarter4,Tuesday,8,3.94,,960,0,0.0,0,0,8.0,84.546
1/27/2015,Quarter4,Tuesday,12,4.15,,1080,0,0.0,0,0,9.0,82.356
1/27/2015,Quarter4,Tuesday,7,4.15,,960,0,0.0,0,0,8.0,80.354
1/27/2015,Quarter4,Tuesday,1,22.94,1871.0,6960,55,0.0,0,0,58.0,80.026
2016-01-27,Quarter4,Tuesday,2,3.94,,1200,0,0.0,0,0,10.0,78.8
2016-01-27,Quarter4,Tuesday,1,3.94,,1200,0,0.0,0,0,10.0,77.815
1/27/2015,Quarter4,Tuesday,9,29.12,1294.0,6960,50,0.0,0,0,58.0,70.039
2016-01-27,Quarter4,Tuesday,12,15.26,1462.0,4080,40,0.0,0,0,34.0,70.016
2016-01-27,Quarter4,Tuesday,8,15.09,976.0,240,23,0.0,0,0,52.0,65.031
1/27/2015,Quarter4,Tuesday,6,30.4,338.0,3840,34,0.0,0,0,32.0,62.283
2016-01-27,Quarter4,Tuesday,6,2.9,,960,0,0.0,0,0,8.0,62.25
2016-01-27,Quarter4,Tuesday,5,20.79,1455.0,6960,30,0.0,0,0,58.0,50.004
1/27/2015,Quarter4,Tuesday,11,48.18,1282.0,6480,23,0.0,0,0,54.0,37.047
1/28/2015,Quarter4,Wednesday,2,22.52,1559.0,6840,90,0.0,0,0,57.0,100.023
1/28/2015,Quarter4,Wednesday,3,22.52,1350.0,6840,113,0.0,0,0,57.0,100.023
1/28/2015,Quarter4,Wednesday,6,2.9,,1800,0,0.0,0,0,15.0,97.756
1/28/2015,Quarter4,Wednesday,1,3.94,,1200,0,0.0,0,0,10.0,94.56
2016-01-28,Quarter4,Wednesday,2,3.94,,1800,0,0.0,0,0,15.0,90.222
1/28/2015,Quarter4,Wednesday,10,22.52,1175.0,6720,60,0.0,0,0,56.0,85.053
2016-01-28,Quarter4,Wednesday,1,22.94,1868.0,6960,81,0.0,0,0,58.0,85.036
2016-01-28,Quarter4,Wednesday,10,3.94,,1200,0,0.0,0,0,10.0,84.053
1/28/2015,Quarter4,Wednesday,5,20.79,1045.0,6960,88,0.0,0,0,58.0,80.053
1/28/2015,Quarter4,Wednesday,4,22.52,1342.0,6780,50,0.0,0,0,56.5,80.049
1/28/2015,Quarter4,Wednesday,12,4.08,,1080,0,0.0,0,0,9.0,75.556
1/28/2015,Quarter4,Wednesday,9,29.12,1340.0,6960,63,0.0,0,0,58.0,75.059
2016-01-28,Quarter4,Wednesday,12,15.26,1429.0,3600,45,0.0,0,0,35.0,75.028
2016-01-28,Quarter4,Wednesday,4,4.3,,1440,0,0.0,0,0,12.0,72.264
1/28/2015,Quarter4,Wednesday,8,4.15,,960,0,0.0,0,0,8.0,55.333
1/28/2015,Quarter4,Wednesday,11,20.1,1413.0,5880,46,0.0,0,0,54.0,50.057
2016-01-28,Quarter4,Wednesday,8,38.09,336.0,6240,0,0.0,0,0,52.0,46.769
2016-01-28,Quarter4,Wednesday,6,18.79,511.0,1800,23,0.0,0,0,32.0,43.8
1/28/2015,Quarter4,Wednesday,7,3.94,,960,0,0.0,0,0,8.0,40.635
2016-01-28,Quarter4,Wednesday,7,23.54,958.0,6600,0,0.0,0,0,55.0,28.533
2016-01-28,Quarter4,Wednesday,11,2.9,,960,0,0.0,0,0,8.0,25.938
1/29/2015,Quarter5,Thursday,2,22.52,1416.0,6840,113,0.0,0,0,57.0,100.023
1/29/2015,Quarter5,Thursday,4,4.3,,1200,0,0.0,0,0,10.0,98.9
1/29/2015,Quarter5,Thursday,3,22.52,1287.0,6840,100,0.0,0,0,57.0,95.019
2016-01-29,Quarter5,Thursday,4,22.52,1444.0,6900,88,0.0,0,0,57.5,90.08
1/29/2015,Quarter5,Thursday,10,22.52,1088.0,6720,88,0.0,0,0,56.0,90.013
1/29/2015,Quarter5,Thursday,6,2.9,,1200,0,0.0,0,0,-10.0,89.9
1/29/2015,Quarter5,Thursday,8,4.15,,960,0,0.0,0,0,8.0,87.755
1/29/2015,Quarter5,Thursday,11,2.9,,960,0,0.0,0,0,8.0,86.458
2016-01-29,Quarter5,Thursday,10,3.94,,1200,0,0.0,0,0,10.0,85.695
1/29/2015,Quarter5,Thursday,1,3.94,,1200,0,0.0,0,0,10.0,85.367
2016-01-29,Quarter5,Thursday,1,22.94,1579.0,6960,81,0.0,0,0,58.0,85.036
1/29/2015,Quarter5,Thursday,9,29.12,1170.0,6960,53,0.0,0,0,58.0,85.017
1/29/2015,Quarter5,Thursday,5,20.79,1015.0,7080,81,0.0,0,0,59.0,80.047
2016-01-29,Quarter5,Thursday,2,3.94,,1200,0,0.0,0,0,10.0,77.333
1/29/2015,Quarter5,Thursday,12,15.26,1436.0,4200,45,0.0,0,0,35.0,75.065
2016-01-29,Quarter5,Thursday,12,4.08,,1080,0,0.0,0,0,9.0,63.467
2016-01-29,Quarter5,Thursday,11,20.1,1601.0,4320,46,0.0,0,0,51.0,60.06
2016-01-29,Quarter5,Thursday,6,18.79,717.0,3960,23,0.0,0,0,33.0,50.012
2016-01-29,Quarter5,Thursday,3,3.94,,960,0,0.0,0,0,8.0,49.25
1/29/2015,Quarter5,Thursday,7,23.54,830.0,6600,0,0.0,0,0,55.0,48.792
1/31/2015,Quarter5,Saturday,3,22.52,1136.0,6960,113,0.0,0,0,58.0,100.046
1/31/2015,Quarter5,Saturday,2,22.52,1397.0,6840,113,0.0,0,0,57.0,100.023
2016-01-31,Quarter5,Saturday,2,3.94,,1200,0,0.0,0,0,10.0,97.187
2016-01-31,Quarter5,Saturday,3,3.94,,960,0,0.0,0,0,8.0,97.187
1/31/2015,Quarter5,Saturday,4,3.94,,1200,0,0.0,0,0,10.0,97.187
1/31/2015,Quarter5,Saturday,10,3.94,,1200,0,0.0,0,0,10.0,97.187
1/31/2015,Quarter5,Saturday,1,3.94,,1800,0,0.0,0,0,15.0,97.187
1/31/2015,Quarter5,Saturday,9,3.94,,240,0,0.0,0,0,2.0,97.187
1/31/2015,Quarter5,Saturday,12,4.08,,1080,0,0.0,0,0,9.0,97.187
1/31/2015,Quarter5,Saturday,5,3.94,,240,0,0.0,0,0,2.0,97.187
1/31/2015,Quarter5,Saturday,7,3.94,,1200,0,0.0,0,0,10.0,97.187
1/31/2015,Quarter5,Saturday,8,3.94,,960,0,0.0,0,0,8.0,97.187
1/31/2015,Quarter5,Saturday,11,3.94,,600,0,0.0,0,0,5.0,97.187
1/31/2015,Quarter5,Saturday,6,3.94,,1200,0,0.0,0,0,10.0,97.187
2016-01-31,Quarter5,Saturday,10,22.52,1116.0,6720,93,0.0,0,0,56.0,92.024
2016-01-31,Quarter5,Saturday,4,22.52,1432.0,6660,88,0.0,0,0,57.5,90.054
2016-01-31,Quarter5,Saturday,9,29.12,1082.0,6840,81,0.0,0,0,57.0,85.061
2016-01-31,Quarter5,Saturday,1,22.94,1502.0,6960,81,0.0,0,0,58.0,85.036
2016-01-31,Quarter5,Saturday,12,15.26,1209.0,4200,45,0.0,0,0,35.0,75.065
2016-01-31,Quarter5,Saturday,5,50.89,282.0,5880,56,0.0,0,0,59.0,65.676
2016-01-31,Quarter5,Saturday,11,20.1,1417.0,6480,49,0.0,0,0,54.0,65.015
2016-01-31,Quarter5,Saturday,6,18.79,799.0,3960,23,0.0,0,0,33.0,60.071
2016-01-31,Quarter5,Saturday,7,23.54,1109.0,6720,0,0.0,0,0,56.0,38.883
2016-01-31,Quarter5,Saturday,8,23.54,1144.0,6480,0,0.0,0,0,54.0,28.698
2/1/2015,Quarter1,Sunday,8,4.15,,960,0,0.0,0,0,8.0,101.156
2/1/2015,Quarter1,Sunday,2,22.52,1396.0,6900,113,0.0,0,0,57.5,100.067
2/1/2015,Quarter1,Sunday,1,22.94,1582.0,3060,113,0.0,0,0,58.5,100.04
2016-02-01,Quarter1,Sunday,1,3.94,,2280,0,0.0,0,0,19.0,95.044
2/1/2015,Quarter1,Sunday,3,22.52,1124.0,6840,100,0.0,0,0,57.0,95.019
2016-02-01,Quarter1,Sunday,2,3.94,,1200,0,0.0,0,0,10.0,91.277
2/1/2015,Quarter1,Sunday,7,3.94,,2160,0,0.0,0,0,18.0,89.219
2/1/2015,Quarter1,Sunday,10,3.94,,1200,0,0.0,0,0,10.0,88.65
2016-02-01,Quarter1,Sunday,10,22.52,1282.0,6720,75,0.0,0,0,56.0,85.053
2/1/2015,Quarter1,Sunday,4,22.52,1472.0,7020,60,0.0,0,0,58.5,85.011
2016-02-01,Quarter1,Sunday,4,4.3,,1440,0,0.0,0,0,12.0,84.507
2/1/2015,Quarter1,Sunday,9,29.12,1282.0,6960,45,0.0,0,0,58.0,75.059
2/1/2015,Quarter1,Sunday,12,15.26,1276.0,1440,45,0.0,0,0,35.0,75.045
2016-02-01,Quarter1,Sunday,12,4.08,,1080,0,0.0,0,0,9.0,70.267
2/1/2015,Quarter1,Sunday,11,20.1,1192.0,6120,75,0.0,0,0,54.0,70.051
2/1/2015,Quarter1,Sunday,6,18.79,881.0,3960,26,0.0,0,0,33.0,65.101
2016-02-01,Quarter1,Sunday,8,24.26,1196.0,6600,0,0.0,0,0,55.0,46.682
2016-02-01,Quarter1,Sunday,7,24.26,1400.0,6720,0,0.0,0,0,56.0,41.155
2016-02-01,Quarter1,Sunday,6,2.9,,1200,0,0.0,0,0,10.0,31.417
2/2/2015,Quarter1,Monday,1,22.94,16882.0,7020,113,0.0,0,0,58.5,100.06
2/2/2015,Quarter1,Monday,9,3.94,,960,0,0.0,0,0,8.0,99.427
2/2/2015,Quarter1,Monday,2,22.52,21385.0,7020,88,0.0,0,0,58.5,90.016
2/2/2015,Quarter1,Monday,3,22.52,21266.0,6840,70,0.0,0,0,57.0,90.014
2/2/2015,Quarter1,Monday,10,22.52,21540.0,6720,88,0.0,0,0,56.0,90.013
2016-02-02,Quarter1,Monday,10,3.94,,1200,0,0.0,0,0,10.0,85.695
2/2/2015,Quarter1,Monday,4,4.3,,1440,0,0.0,0,0,12.0,80.924
2/2/2015,Quarter1,Monday,12,15.26,12261.0,3600,63,0.0,0,0,35.0,80.04
2016-02-02,Quarter1,Monday,4,22.52,23122.0,5940,50,0.0,0,0,56.5,80.039
2016-02-02,Quarter1,Monday,9,29.12,8992.0,6960,55,0.0,0,0,58.0,79.996
2016-02-02,Quarter1,Monday,12,4.08,,1080,0,0.0,0,0,9.0,74.044
2/2/2015,Quarter1,Monday,11,20.55,9792.0,6480,60,0.0,0,0,54.0,70.04
2/2/2015,Quarter1,Monday,6,18.79,2984.0,3960,30,0.0,0,0,33.0,70.035
2/2/2015,Quarter1,Monday,8,4.15,,960,0,0.0,0,0,8.0,56.198
2016-02-02,Quarter1,Monday,1,3.94,,2280,0,0.0,0,0,19.0,50.46
2/2/2015,Quarter1,Monday,5,30.1,839.0,6960,0,0.0,0,0,58.0,50.08
2/2/2015,Quarter1,Monday,7,24.26,2698.0,6720,0,0.0,0,0,56.0,29.531
2016-02-02,Quarter1,Monday,6,2.9,,1200,0,0.0,0,0,10.0,28.033
2016-02-02,Quarter1,Monday,8,24.26,1435.0,6600,0,0.0,0,0,55.0,26.098
2/3/2015,Quarter1,Tuesday,2,3.94,,2400,0,0.0,0,0,20.0,100.142
2/3/2015,Quarter1,Tuesday,1,22.52,1500.0,6900,113,0.0,0,0,57.5,100.002
2/3/2015,Quarter1,Tuesday,10,22.52,1188.0,6720,90,0.0,0,0,56.0,100.0
2016-02-03,Quarter1,Tuesday,1,3.94,,1200,0,0.0,0,0,10.0,99.485
2/3/2015,Quarter1,Tuesday,8,4.15,,960,0,0.0,0,0,8.0,97.698
2/3/2015,Quarter1,Tuesday,3,22.52,1112.0,6840,100,0.0,0,0,57.0,95.019
2016-02-03,Quarter1,Tuesday,2,22.52,1452.0,6960,100,0.0,0,0,58.0,94.998
2/3/2015,Quarter1,Tuesday,9,3.94,,1320,0,0.0,0,0,11.0,91.995
2/3/2015,Quarter1,Tuesday,4,22.52,340.0,5460,63,0.0,0,0,56.5,80.043
2/3/2015,Quarter1,Tuesday,12,15.26,1029.0,2040,50,0.0,0,0,35.0,80.026
2016-02-03,Quarter1,Tuesday,12,4.08,,1080,0,0.0,0,0,9.0,77.822
2016-02-03,Quarter1,Tuesday,9,29.12,1070.0,6960,34,0.0,0,0,58.0,75.059
2/3/2015,Quarter1,Tuesday,11,25.31,946.0,5760,60,0.0,0,0,54.0,70.051
2/3/2015,Quarter1,Tuesday,6,18.79,913.0,4020,30,0.0,0,0,33.5,70.018
2016-02-03,Quarter1,Tuesday,8,24.26,1363.0,6660,0,0.0,0,0,55.5,58.647
2/3/2015,Quarter1,Tuesday,7,24.26,1639.0,6720,0,0.0,0,0,56.0,54.152
2016-02-03,Quarter1,Tuesday,4,4.3,,1440,0,0.0,0,0,12.0,53.75
2016-02-03,Quarter1,Tuesday,6,2.9,,960,0,0.0,0,0,8.0,49.542
2/3/2015,Quarter1,Tuesday,5,30.1,415.0,6960,0,0.0,0,0,58.0,41.517
2/4/2015,Quarter1,Wednesday,2,22.52,1263.0,6900,100,0.0,0,0,57.5,105.028
2/4/2015,Quarter1,Wednesday,3,22.52,968.0,6840,113,0.0,0,0,57.0,100.023
2/4/2015,Quarter1,Wednesday,10,22.52,1108.0,6720,113,0.0,0,0,56.0,100.0
2016-02-04,Quarter1,Wednesday,2,3.94,,2160,0,0.0,0,0,18.0,96.676
2/4/2015,Quarter1,Wednesday,1,3.94,,1200,0,0.0,0,0,10.0,92.918
2/4/2015,Quarter1,Wednesday,8,4.15,,3000,0,0.0,0,0,25.0,91.577
2016-02-04,Quarter1,Wednesday,1,22.52,1532.0,6900,88,0.0,0,0,57.5,90.015
2/4/2015,Quarter1,Wednesday,12,15.26,1094.0,4080,38,0.0,0,0,34.0,80.04
2/4/2015,Quarter1,Wednesday,9,22.52,1086.0,6960,50,0.0,0,0,58.0,79.996
2/4/2015,Quarter1,Wednesday,7,3.94,,960,0,0.0,0,0,8.0,77.979
2016-02-04,Quarter1,Wednesday,9,3.94,,960,0,0.0,0,0,8.0,75.517
2/4/2015,Quarter1,Wednesday,6,18.79,941.0,3360,30,0.0,0,0,-33.0,70.071
2016-02-04,Quarter1,Wednesday,7,24.26,1471.0,6960,0,0.0,0,0,58.0,70.061
2/4/2015,Quarter1,Wednesday,11,10.05,1042.0,6120,60,0.0,0,0,53.0,70.028
2016-02-04,Quarter1,Wednesday,8,29.12,1248.0,6840,0,0.0,0,0,57.0,70.014
2016-02-04,Quarter1,Wednesday,12,4.08,,1080,0,0.0,0,0,9.0,68.756
2/4/2015,Quarter1,Wednesday,5,30.1,326.0,5820,0,90.0,10,0,58.5,65.083
2016-02-04,Quarter1,Wednesday,6,2.9,,960,0,0.0,0,0,8.0,53.167
2/4/2015,Quarter1,Wednesday,4,30.1,287.0,6060,23,150.0,15,0,55.5,35.071
2/5/2015,Quarter1,Thursday,2,22.52,1300.0,6780,113,0.0,0,0,56.5,100.045
2/5/2015,Quarter1,Thursday,1,22.52,1485.0,6900,113,0.0,0,0,57.5,100.002
2/5/2015,Quarter1,Thursday,10,22.52,1039.0,6720,113,0.0,0,0,56.0,100.0
2016-02-05,Quarter1,Thursday,2,3.94,,2640,0,0.0,0,0,22.0,99.992
2/5/2015,Quarter1,Thursday,3,22.52,1063.0,6840,100,0.0,0,0,57.0,95.019
2/5/2015,Quarter1,Thursday,6,2.9,,960,0,0.0,0,0,8.0,94.25
2/5/2015,Quarter1,Thursday,12,4.08,,1080,0,0.0,0,0,9.0,90.667
2/5/2015,Quarter1,Thursday,7,3.94,,1200,0,0.0,0,0,10.0,84.71
2016-02-05,Quarter1,Thursday,1,3.94,,1440,0,0.0,0,0,12.0,84.546
2016-02-05,Quarter1,Thursday,12,15.26,1083.0,720,38,0.0,0,0,34.0,80.061
2/5/2015,Quarter1,Thursday,9,29.12,1069.0,6960,50,0.0,0,0,58.0,79.996
2016-02-05,Quarter1,Thursday,10,3.94,,960,0,0.0,0,0,8.0,77.158
2/5/2015,Quarter1,Thursday,11,10.05,668.0,2520,34,0.0,0,0,26.0,75.04
2016-02-05,Quarter1,Thursday,6,18.79,766.0,2760,30,0.0,0,0,33.0,70.008
2/5/2015,Quarter1,Thursday,5,30.1,557.0,6960,0,0.0,0,0,58.0,56.221
2016-02-05,Quarter1,Thursday,7,24.26,1608.0,6960,0,0.0,0,0,58.0,52.284
2/5/2015,Quarter1,Thursday,4,30.1,417.0,6360,23,0.0,0,1,53.0,50.072
2/5/2015,Quarter1,Thursday,8,24.26,1167.0,6840,0,0.0,0,0,57.0,49.655
2/7/2015,Quarter1,Saturday,2,3.94,,3000,0,0.0,0,0,25.0,105.067
2016-02-07,Quarter1,Saturday,2,22.52,1186.0,6900,113,0.0,0,0,58.0,100.002
2/7/2015,Quarter1,Saturday,3,22.52,1060.0,6840,100,0.0,0,0,57.0,95.019
2/7/2015,Quarter1,Saturday,1,22.52,1534.0,6780,88,0.0,0,0,57.0,90.014
2/7/2015,Quarter1,Saturday,10,22.52,1142.0,6720,88,0.0,0,0,56.0,90.013
2/7/2015,Quarter1,Saturday,12,4.08,,1080,0,0.0,0,0,9.0,89.911
2016-02-07,Quarter1,Saturday,1,3.94,,1200,0,0.0,0,0,10.0,87.008
2/7/2015,Quarter1,Saturday,6,2.9,,960,0,0.0,0,0,8.0,84.583
2016-02-07,Quarter1,Saturday,12,15.26,1021.0,4080,63,0.0,0,0,34.0,80.04
2/7/2015,Quarter1,Saturday,9,29.12,829.0,6960,50,0.0,0,0,58.0,79.996
2016-02-07,Quarter1,Saturday,9,3.94,,960,0,0.0,0,0,8.0,77.158
2016-02-07,Quarter1,Saturday,6,18.79,813.0,1560,34,0.0,0,0,33.0,75.052
2/7/2015,Quarter1,Saturday,11,10.05,677.0,3240,45,0.0,0,0,27.0,75.003
2/7/2015,Quarter1,Saturday,7,3.94,,1200,0,0.0,0,0,10.0,71.577
2016-02-07,Quarter1,Saturday,7,24.26,658.0,6960,0,270.0,45,0,58.0,66.227
2/7/2015,Quarter1,Saturday,4,30.1,486.0,6780,30,0.0,0,1,57.0,60.022
2/7/2015,Quarter1,Saturday,5,30.1,687.0,7500,0,0.0,0,0,59.0,54.566
2016-02-07,Quarter1,Saturday,4,4.3,,960,0,0.0,0,0,8.0,44.792
2/7/2015,Quarter1,Saturday,8,24.26,652.0,6840,0,300.0,37,0,57.0,36.532
2/8/2015,Quarter2,Sunday,2,22.52,1233.0,6900,113,0.0,0,0,57.5,100.002
2/8/2015,Quarter2,Sunday,7,4.15,,1440,0,0.0,0,0,12.0,92.868
2/8/2015,Quarter2,Sunday,10,22.52,1388.0,6720,88,0.0,0,0,56.0,90.08
2/8/2015,Quarter2,Sunday,1,22.52,1615.0,6780,88,0.0,0,0,56.5,90.014
2/8/2015,Quarter2,Sunday,3,22.52,1283.0,6720,88,0.0,0,0,56.0,90.013
2016-02-08,Quarter2,Sunday,1,3.94,,1200,0,0.0,0,0,10.0,89.307
2/8/2015,Quarter2,Sunday,12,4.08,,1080,0,0.0,0,0,9.0,89.156
2016-02-08,Quarter2,Sunday,2,3.94,,2160,0,0.0,0,0,18.0,87.556
2/8/2015,Quarter2,Sunday,8,4.15,,1800,0,0.0,0,0,15.0,84.089
2016-02-08,Quarter2,Sunday,12,15.26,1026.0,2880,63,0.0,0,0,34.0,80.036
2/8/2015,Quarter2,Sunday,9,29.12,909.0,6960,50,0.0,0,0,58.0,79.996
2/8/2015,Quarter2,Sunday,6,18.79,670.0,3960,34,0.0,0,0,33.0,75.065
2/8/2015,Quarter2,Sunday,11,10.05,629.0,3240,45,0.0,0,0,27.0,75.003
2/8/2015,Quarter2,Sunday,5,30.1,754.0,7020,0,0.0,0,0,58.5,70.062
2016-02-08,Quarter2,Sunday,6,2.9,,960,0,0.0,0,0,8.0,61.021
2016-02-08,Quarter2,Sunday,9,3.94,,960,0,0.0,0,0,8.0,60.742
2/8/2015,Quarter2,Sunday,4,30.1,712.0,6780,44,0.0,0,1,56.5,56.826
2016-02-08,Quarter2,Sunday,7,24.26,148.0,6960,0,0.0,0,0,58.0,35.553
2016-02-08,Quarter2,Sunday,8,24.26,154.0,6840,0,0.0,0,0,57.0,35.326
2/9/2015,Quarter2,Monday,2,3.94,,2160,0,0.0,0,0,18.0,105.796
2/9/2015,Quarter2,Monday,1,3.94,,1200,0,0.0,0,0,10.0,96.202
2/9/2015,Quarter2,Monday,10,22.52,1127.0,120,88,0.0,0,0,56.0,90.08
2016-02-09,Quarter2,Monday,1,22.52,1506.0,3600,70,0.0,0,0,57.0,90.051
2016-02-09,Quarter2,Monday,2,22.52,1413.0,360,70,0.0,0,0,57.0,90.048
2/9/2015,Quarter2,Monday,6,2.9,,960,0,0.0,0,0,8.0,88.812
2/9/2015,Quarter2,Monday,12,15.26,970.0,4080,63,0.0,0,0,34.0,80.04
2/9/2015,Quarter2,Monday,3,22.52,1271.0,5400,50,0.0,0,0,57.0,80.016
2/9/2015,Quarter2,Monday,9,29.12,1073.0,6960,50,0.0,0,0,58.0,79.996
2/9/2015,Quarter2,Monday,4,30.1,767.0,3300,50,0.0,0,1,57.0,79.0
2/9/2015,Quarter2,Monday,11,10.05,103.0,0,45,0.0,0,0,54.0,75.065
2/9/2015,Quarter2,Monday,8,4.15,,1800,0,0.0,0,0,15.0,70.711
2/9/2015,Quarter2,Monday,5,30.1,773.0,7020,40,0.0,0,0,58.0,70.062
2016-02-09,Quarter2,Monday,9,3.94,,960,0,0.0,0,0,8.0,69.771
2016-02-09,Quarter2,Monday,6,18.79,708.0,4080,0,0.0,0,0,34.0,61.252
2/9/2015,Quarter2,Monday,7,30.1,842.0,6960,0,0.0,0,1,58.0,35.03
2016-02-09,Quarter2,Monday,8,30.1,901.0,6960,0,0.0,0,1,58.0,35.03
2016-02-09,Quarter2,Monday,12,4.08,,1080,0,0.0,0,0,9.0,27.2
2/10/2015,Quarter2,Tuesday,12,4.08,,1080,0,0.0,0,0,9.0,100.489
2/10/2015,Quarter2,Tuesday,2,3.94,,2160,0,0.0,0,0,18.0,96.676
2/10/2015,Quarter2,Tuesday,10,22.52,1268.0,0,88,0.0,0,0,56.0,90.063
2/10/2015,Quarter2,Tuesday,1,22.52,1546.0,0,88,0.0,0,0,57.0,90.047
2/10/2015,Quarter2,Tuesday,3,22.52,813.0,0,88,0.0,0,0,57.0,90.047
2016-02-10,Quarter2,Tuesday,2,22.52,1512.0,0,88,0.0,0,0,-57.0,89.998
2016-02-10,Quarter2,Tuesday,1,3.94,,1440,0,0.0,0,0,12.0,85.367
2/10/2015,Quarter2,Tuesday,9,29.12,1263.0,2160,38,0.0,0,0,58.0,80.08
2016-02-10,Quarter2,Tuesday,12,15.26,900.0,4080,50,0.0,0,0,34.0,80.04
2/10/2015,Quarter2,Tuesday,4,4.15,,1800,0,0.0,0,0,15.0,79.676
2/10/2015,Quarter2,Tuesday,6,18.79,640.0,2400,0,0.0,0,0,34.0,75.08
2/10/2015,Quarter2,Tuesday,11,10.05,13.0,3240,34,0.0,0,0,54.0,75.065
2/10/2015,Quarter2,Tuesday,5,30.1,855.0,7020,45,0.0,0,0,58.0,75.036
2/10/2015,Quarter2,Tuesday,8,4.15,,960,0,0.0,0,0,8.0,70.377
2016-02-10,Quarter2,Tuesday,4,30.1,855.0,7020,40,0.0,0,1,58.0,70.062
2016-02-10,Quarter2,Tuesday,9,3.94,,960,0,0.0,0,0,8.0,68.95
2016-02-10,Quarter2,Tuesday,6,2.9,,960,0,0.0,0,0,8.0,62.833
2/10/2015,Quarter2,Tuesday,7,30.1,1025.0,6960,23,0.0,0,1,58.0,50.08
2016-02-10,Quarter2,Tuesday,8,30.1,1061.0,6960,30,0.0,0,1,58.0,39.355
2/11/2015,Quarter2,Wednesday,4,4.15,,1800,0,0.0,0,0,15.0,103.316
2/11/2015,Quarter2,Wednesday,12,4.08,,1080,0,0.0,0,0,9.0,102.0
2/11/2015,Quarter2,Wednesday,2,22.52,1557.0,0,90,0.0,0,0,57.5,100.034
2/11/2015,Quarter2,Wednesday,1,22.52,1498.0,0,113,0.0,0,0,57.0,100.007
2/11/2015,Quarter2,Wednesday,8,4.15,,1440,0,0.0,0,0,12.0,99.438
2016-02-11,Quarter2,Wednesday,2,3.94,,2160,0,0.0,0,0,18.0,91.204
2/11/2015,Quarter2,Wednesday,5,4.15,,240,0,0.0,0,0,2.0,87.0
2/11/2015,Quarter2,Wednesday,10,22.52,598.0,0,75,0.0,0,0,56.0,85.036
2/11/2015,Quarter2,Wednesday,6,18.79,656.0,3480,38,0.0,0,0,34.0,80.095
2016-02-11,Quarter2,Wednesday,12,15.26,854.0,4080,50,0.0,0,0,34.0,80.04
2/11/2015,Quarter2,Wednesday,9,29.12,609.0,3240,50,0.0,0,0,58.0,80.014
2016-02-11,Quarter2,Wednesday,5,30.1,788.0,7380,56,0.0,0,0,59.5,75.041
2016-02-11,Quarter2,Wednesday,8,30.1,1069.0,4560,30,0.0,0,1,58.0,71.441
2016-02-11,Quarter2,Wednesday,4,30.1,667.0,5940,40,0.0,0,1,59.5,70.059
2016-02-11,Quarter2,Wednesday,1,3.94,,1440,0,0.0,0,0,12.0,61.836
2/11/2015,Quarter2,Wednesday,7,30.1,829.0,3360,23,0.0,0,1,58.0,60.007
2016-02-11,Quarter2,Wednesday,9,3.94,,960,0,0.0,0,0,8.0,54.175
2/11/2015,Quarter2,Wednesday,3,22.52,11.0,6840,0,0.0,0,1,57.0,53.69
2/11/2015,Quarter2,Wednesday,11,11.41,434.0,3240,0,0.0,0,1,52.0,50.79
2/12/2015,Quarter2,Thursday,1,22.52,1397.0,0,138,0.0,0,0,57.0,110.048
2/12/2015,Quarter2,Thursday,4,4.15,,1800,0,0.0,0,0,15.0,109.663
2/12/2015,Quarter2,Thursday,2,22.52,1327.0,0,113,0.0,0,0,57.5,100.034
2/12/2015,Quarter2,Thursday,12,4.08,,1080,0,0.0,0,0,9.0,83.867
2016-02-12,Quarter2,Thursday,12,15.26,894.0,4080,50,0.0,0,0,34.0,80.04
2/12/2015,Quarter2,Thursday,8,4.15,,1440,0,0.0,0,0,12.0,75.549
2/12/2015,Quarter2,Thursday,5,30.1,610.0,7080,56,0.0,0,0,59.0,75.08
2/12/2015,Quarter2,Thursday,6,18.79,779.0,3960,0,0.0,0,0,33.0,68.802
2016-02-12,Quarter2,Thursday,1,3.94,,1440,0,0.0,0,0,12.0,66.488
2/12/2015,Quarter2,Thursday,9,3.94,,960,0,0.0,0,0,8.0,65.667
2016-02-12,Quarter2,Thursday,4,30.1,419.0,7080,0,0.0,0,1,59.0,63.771
2016-02-12,Quarter2,Thursday,2,3.94,,2160,0,0.0,0,0,18.0,60.194
2016-02-12,Quarter2,Thursday,5,4.15,,240,0,0.0,0,0,2.0,58.0
2/12/2015,Quarter2,Thursday,7,30.1,909.0,7080,0,0.0,0,1,59.0,53.568
2/12/2015,Quarter2,Thursday,11,11.41,1039.0,2280,0,0.0,0,2,55.0,50.012
2016-02-12,Quarter2,Thursday,9,29.12,14.0,6960,0,0.0,0,0,58.0,49.789
2016-02-12,Quarter2,Thursday,8,30.1,1193.0,7080,0,0.0,0,1,59.0,46.34
2/12/2015,Quarter2,Thursday,10,22.52,10.0,6000,0,0.0,0,0,50.0,44.139
2/12/2015,Quarter2,Thursday,3,30.1,770.0,6960,0,0.0,0,1,58.0,35.03
2/14/2015,Quarter2,Saturday,1,22.52,1416.0,6840,113,0.0,0,0,57.0,100.023
2/14/2015,Quarter2,Saturday,7,4.15,,1800,0,0.0,0,0,15.0,92.928
2/14/2015,Quarter2,Saturday,4,4.15,,2400,0,0.0,0,0,20.0,90.292
2/14/2015,Quarter2,Saturday,12,4.08,,1080,0,0.0,0,0,9.0,80.089
2016-02-14,Quarter2,Saturday,12,15.26,942.0,4080,63,0.0,0,0,34.0,80.04
2/14/2015,Quarter2,Saturday,2,22.52,674.0,3660,63,0.0,0,0,57.0,80.037
2016-02-14,Quarter2,Saturday,1,3.94,,1440,0,0.0,0,0,12.0,79.621
2016-02-14,Quarter2,Saturday,4,30.1,481.0,7140,0,0.0,0,1,59.0,75.039
2/14/2015,Quarter2,Saturday,5,30.1,664.0,7140,56,0.0,0,0,59.0,75.039
2/14/2015,Quarter2,Saturday,8,4.15,,960,0,0.0,0,0,8.0,72.562
2016-02-14,Quarter2,Saturday,8,30.1,824.0,5160,0,0.0,0,1,60.0,70.021
2016-02-14,Quarter2,Saturday,7,30.1,957.0,7200,0,0.0,0,1,60.0,60.2
2/14/2015,Quarter2,Saturday,11,11.41,1039.0,2280,23,0.0,0,2,55.0,60.045
2/14/2015,Quarter2,Saturday,6,18.79,822.0,4080,0,0.0,0,0,34.0,55.725
2/14/2015,Quarter2,Saturday,3,30.1,1261.0,6960,30,0.0,0,1,58.0,50.08
2016-02-14,Quarter2,Saturday,6,2.9,,960,0,0.0,0,0,8.0,48.333
2/14/2015,Quarter2,Saturday,9,3.94,,960,0,0.0,0,0,8.0,23.804
2/15/2015,Quarter3,Sunday,1,3.94,,960,0,0.0,0,0,8.0,112.044
2/15/2015,Quarter3,Sunday,2,3.94,,960,0,0.0,0,0,8.0,110.812
2016-02-15,Quarter3,Sunday,1,22.52,1420.0,6840,113,0.0,0,0,57.0,100.023
2/15/2015,Quarter3,Sunday,12,4.08,,1080,0,0.0,0,0,9.0,87.644
2016-02-15,Quarter3,Sunday,12,15.26,1120.0,1440,50,0.0,0,0,34.0,80.081
2/15/2015,Quarter3,Sunday,5,4.15,,240,0,0.0,0,0,2.0,76.083
2016-02-15,Quarter3,Sunday,5,30.1,679.0,7140,0,0.0,0,0,59.5,72.257
2/15/2015,Quarter3,Sunday,11,2.9,,1200,0,0.0,0,0,10.0,71.533
2/15/2015,Quarter3,Sunday,7,30.1,881.0,7080,0,0.0,0,1,59.0,70.063
2/15/2015,Quarter3,Sunday,8,30.1,507.0,5880,40,2.0,10,1,59.0,70.057
2/15/2015,Quarter3,Sunday,6,18.79,814.0,4080,0,0.0,0,0,34.0,68.16
2016-02-15,Quarter3,Sunday,11,11.41,700.0,2640,23,0.0,0,2,53.0,65.022
2016-02-15,Quarter3,Sunday,8,4.15,,960,0,0.0,0,0,8.0,60.521
2016-02-15,Quarter3,Sunday,6,2.9,,960,0,0.0,0,0,8.0,60.417
2/15/2015,Quarter3,Sunday,4,30.1,919.0,7140,0,0.0,0,1,59.5,59.863
2/15/2015,Quarter3,Sunday,3,30.1,1361.0,6960,30,0.0,0,1,58.0,47.572
2016-02-15,Quarter3,Sunday,2,22.52,12.0,6900,0,0.0,0,0,57.5,43.212
2016-02-15,Quarter3,Sunday,4,4.15,,2400,0,0.0,0,0,20.0,28.704
2/15/2015,Quarter3,Sunday,9,18.79,1688.0,5280,0,0.0,0,1,54.0,28.305
2/16/2015,Quarter3,Monday,1,22.52,1422.0,6840,113,0.0,0,0,57.0,100.023
2/16/2015,Quarter3,Monday,9,3.94,,1200,0,0.0,0,0,10.0,96.043
2/16/2015,Quarter3,Monday,12,4.08,,1080,0,0.0,0,0,9.0,89.156
2/16/2015,Quarter3,Monday,3,4.15,,960,0,0.0,0,0,8.0,86.458
2016-02-16,Quarter3,Monday,3,30.1,1263.0,600,63,0.0,0,1,58.0,80.224
2/16/2015,Quarter3,Monday,5,30.1,461.0,0,0,0.0,0,0,59.0,80.098
2016-02-16,Quarter3,Monday,12,15.26,1079.0,3720,38,0.0,0,0,34.0,80.031
2/16/2015,Quarter3,Monday,6,2.9,,960,0,0.0,0,0,8.0,77.333
2016-02-16,Quarter3,Monday,6,18.79,895.0,3960,0,0.0,0,0,33.0,75.065
2/16/2015,Quarter3,Monday,4,30.1,912.0,7020,0,0.0,0,1,58.0,75.036
2016-02-16,Quarter3,Monday,4,4.15,,1800,0,0.0,0,0,15.0,72.233
2/16/2015,Quarter3,Monday,7,30.1,784.0,600,30,0.0,0,1,59.0,70.046
2016-02-16,Quarter3,Monday,5,4.15,,1200,0,0.0,0,0,10.0,62.942
2/16/2015,Quarter3,Monday,8,30.1,7.0,7080,27,2.0,10,2,59.0,62.197
2/16/2015,Quarter3,Monday,11,11.41,680.0,2160,30,0.0,0,2,54.0,56.597
2/16/2015,Quarter3,Monday,10,18.22,1131.0,5280,0,0.0,0,1,44.0,35.543
2016-02-16,Quarter3,Monday,9,18.79,2103.0,5400,0,0.0,0,1,54.0,32.996
2016-02-16,Quarter3,Monday,7,4.15,,1800,0,0.0,0,0,15.0,25.8
2/17/2015,Quarter3,Tuesday,1,22.52,1445.0,6840,113,0.0,0,0,57.0,100.023
2/17/2015,Quarter3,Tuesday,10,3.94,,960,0,0.0,0,0,8.0,92.754
2/17/2015,Quarter3,Tuesday,7,5.13,,1200,0,0.0,0,0,10.0,91.375
2/17/2015,Quarter3,Tuesday,12,5.13,,1080,0,0.0,0,0,9.0,90.25
2016-02-17,Quarter3,Tuesday,12,15.26,1133.0,4080,38,0.0,0,0,34.0,80.04
2/17/2015,Quarter3,Tuesday,3,5.13,,1800,0,0.0,0,0,15.0,78.66
2/17/2015,Quarter3,Tuesday,6,18.79,726.0,3360,0,0.0,0,0,33.0,75.062
2/17/2015,Quarter3,Tuesday,4,30.1,849.0,7020,45,0.0,0,1,58.0,75.036
2016-02-17,Quarter3,Tuesday,6,2.9,,960,0,0.0,0,0,8.0,74.917
2016-02-17,Quarter3,Tuesday,7,30.1,562.0,840,30,0.0,0,1,59.0,70.089
2/17/2015,Quarter3,Tuesday,11,11.41,1054.0,3420,30,0.0,0,2,56.0,70.061
2016-02-17,Quarter3,Tuesday,3,30.1,1422.0,6960,50,0.0,0,1,58.0,70.06
2016-02-17,Quarter3,Tuesday,4,5.13,,960,0,0.0,0,0,8.0,65.667
2/17/2015,Quarter3,Tuesday,5,30.1,680.0,7140,0,0.0,0,0,59.0,65.343
2/17/2015,Quarter3,Tuesday,9,18.79,2120.0,5520,0,0.0,0,1,51.0,65.013
2/17/2015,Quarter3,Tuesday,8,29.4,179.0,0,23,5.0,30,2,58.0,60.098
2016-02-17,Quarter3,Tuesday,9,3.94,,960,0,0.0,0,0,8.0,58.604
2/17/2015,Quarter3,Tuesday,2,5.13,,1800,0,0.0,0,0,15.0,58.14
2016-02-17,Quarter3,Tuesday,2,30.33,838.0,6720,0,0.0,0,1,56.0,36.107
2016-02-17,Quarter3,Tuesday,10,18.22,741.0,0,0,8.0,35,1,49.0,30.212
2/18/2015,Quarter3,Wednesday,12,5.13,,1200,0,0.0,0,0,10.0,99.18
2/18/2015,Quarter3,Wednesday,6,2.9,,1440,0,0.0,0,0,12.0,93.686
2/18/2015,Quarter3,Wednesday,2,5.13,,1440,0,0.0,0,0,12.0,91.912
2/18/2015,Quarter3,Wednesday,11,11.41,685.0,3360,30,0.0,0,2,56.0,82.111
2/18/2015,Quarter3,Wednesday,4,30.1,864.0,480,50,0.0,0,1,58.0,80.098
2/18/2015,Quarter3,Wednesday,5,30.1,511.0,0,0,0.0,0,0,59.0,80.098
2016-02-18,Quarter3,Wednesday,12,15.26,1095.0,4080,63,0.0,0,0,34.0,80.04
2/18/2015,Quarter3,Wednesday,1,22.52,1374.0,3960,63,0.0,0,0,57.0,80.028
2016-02-18,Quarter3,Wednesday,6,18.79,759.0,3960,34,0.0,0,0,33.0,75.065
2/18/2015,Quarter3,Wednesday,7,30.1,553.0,2280,45,0.0,0,1,59.0,75.053
2016-02-18,Quarter3,Wednesday,4,5.13,,960,0,0.0,0,0,8.0,73.465
2/18/2015,Quarter3,Wednesday,3,30.1,1057.0,0,40,0.0,0,1,58.0,70.06
2/18/2015,Quarter3,Wednesday,9,18.79,1587.0,4560,30,0.0,0,1,51.0,70.01
2016-02-18,Quarter3,Wednesday,7,5.13,,960,0,0.0,0,0,8.0,67.188
2/18/2015,Quarter3,Wednesday,10,3.94,,960,0,0.0,0,0,8.0,64.025
2/18/2015,Quarter3,Wednesday,8,5.13,,960,0,0.0,0,0,8.0,58.0
2016-02-18,Quarter3,Wednesday,9,3.94,,960,0,0.0,0,0,8.0,54.979
2016-02-18,Quarter3,Wednesday,2,30.33,868.0,6840,0,0.0,0,1,57.0,32.813
2016-02-18,Quarter3,Wednesday,10,19.68,1119.0,5640,0,8.0,35,1,47.0,30.357
2016-02-18,Quarter3,Wednesday,3,5.13,,960,0,0.0,0,0,8.0,25.65
2016-02-18,Quarter3,Wednesday,8,29.4,962.0,4560,0,4.5,30,2,57.0,25.14
2/19/2015,Quarter3,Thursday,3,5.13,,2880,0,0.0,0,0,12.0,81.641
2/19/2015,Quarter3,Thursday,12,15.26,1126.0,1080,38,0.0,0,0,34.0,80.071
2/19/2015,Quarter3,Thursday,1,22.52,265.0,3840,63,0.0,0,0,57.0,80.047
2/19/2015,Quarter3,Thursday,4,30.1,859.0,7020,63,0.0,0,1,58.5,80.009
2/19/2015,Quarter3,Thursday,5,30.1,276.0,600,63,3.5,15,0,59.5,79.998
2/19/2015,Quarter3,Thursday,6,2.9,,4320,0,0.0,0,0,18.0,78.586
2016-02-19,Quarter3,Thursday,6,18.79,899.0,3960,56,0.0,0,0,33.0,75.065
2/19/2015,Quarter3,Thursday,10,3.94,,2400,0,0.0,0,0,10.0,73.328
2/19/2015,Quarter3,Thursday,2,5.13,,3600,0,0.0,0,0,15.0,71.012
2016-02-19,Quarter3,Thursday,3,30.1,247.0,6960,50,0.0,0,1,58.0,70.06
2/19/2015,Quarter3,Thursday,11,11.41,653.0,3480,30,0.0,0,2,58.0,70.054
2/19/2015,Quarter3,Thursday,8,29.4,1116.0,6240,0,0.0,0,2,57.0,70.0
2016-02-19,Quarter3,Thursday,4,5.13,,1920,0,0.0,0,0,8.0,68.403
2016-02-19,Quarter3,Thursday,8,5.13,,1920,0,0.0,0,0,8.0,67.214
2/19/2015,Quarter3,Thursday,9,18.79,1603.0,6120,30,0.0,0,1,51.0,63.861
2016-02-19,Quarter3,Thursday,5,5.13,,1920,0,0.0,0,0,8.0,63.135
2/19/2015,Quarter3,Thursday,7,30.1,444.0,0,0,5.0,20,1,59.0,61.114
2016-02-19,Quarter3,Thursday,12,5.13,,2160,0,0.0,0,0,9.0,60.958
2016-02-19,Quarter3,Thursday,2,30.33,841.0,6840,0,0.0,0,1,57.0,58.532
2016-02-19,Quarter3,Thursday,10,19.68,1410.0,5760,0,0.0,0,1,48.0,24.942
2/22/2015,Quarter4,Sunday,3,5.13,,1800,0,0.0,0,0,15.0,87.21
2/22/2015,Quarter4,Sunday,6,2.9,,960,0,0.0,0,0,8.0,83.194
2/22/2015,Quarter4,Sunday,2,5.13,,4800,0,0.0,0,0,20.0,83.006
2/22/2015,Quarter4,Sunday,11,2.9,,2880,0,0.0,0,0,12.0,80.556
2/22/2015,Quarter4,Sunday,12,15.26,1103.0,4080,63,0.0,0,0,34.0,80.04
2/22/2015,Quarter4,Sunday,4,30.1,922.0,5820,63,0.0,0,1,59.0,80.0
2016-02-22,Quarter4,Sunday,12,5.13,,2400,0,0.0,0,0,10.0,78.375
2/22/2015,Quarter4,Sunday,9,3.94,,2400,0,0.0,0,0,10.0,75.352
2016-02-22,Quarter4,Sunday,6,18.79,1055.0,3960,45,0.0,0,0,33.0,75.065
2/22/2015,Quarter4,Sunday,1,3.94,,2880,0,0.0,0,0,12.0,72.735
2/22/2015,Quarter4,Sunday,8,29.4,1146.0,6840,40,0.0,0,2,57.0,70.061
2016-02-22,Quarter4,Sunday,2,30.33,746.0,6840,0,0.0,0,1,57.0,70.061
2016-02-22,Quarter4,Sunday,11,11.41,834.0,3480,0,0.0,0,2,58.0,67.214
2016-02-22,Quarter4,Sunday,9,18.79,1717.0,3240,30,0.0,0,1,57.0,62.701
2016-02-22,Quarter4,Sunday,3,30.1,1041.0,8160,33,0.0,0,2,58.0,62.658
2/22/2015,Quarter4,Sunday,10,21.25,1531.0,6000,0,0.0,0,1,50.0,45.688
2/22/2015,Quarter4,Sunday,7,30.1,627.0,6960,0,3.5,20,1,58.0,39.355
2016-02-22,Quarter4,Sunday,10,3.94,,960,0,0.0,0,0,8.0,38.579
2/22/2015,Quarter4,Sunday,5,30.1,450.0,5700,0,4.5,25,0,60.0,30.75
2016-02-22,Quarter4,Sunday,7,5.13,,960,0,0.0,0,0,8.0,28.396
2/23/2015,Quarter4,Monday,10,3.94,,2400,0,0.0,0,0,20.0,95.579
2/23/2015,Quarter4,Monday,8,5.13,,960,0,0.0,0,0,8.0,93.042
2/23/2015,Quarter4,Monday,12,5.13,,1080,0,0.0,0,0,9.0,90.25
2/23/2015,Quarter4,Monday,3,5.13,,2160,0,0.0,0,0,18.0,87.115
2016-02-23,Quarter4,Monday,12,15.26,1060.0,4080,63,0.0,0,0,34.0,80.04
2/23/2015,Quarter4,Monday,4,30.1,891.0,7140,38,0.0,0,1,59.0,80.014
2/23/2015,Quarter4,Monday,5,30.1,541.0,7140,38,0.0,0,0,59.0,80.014
2/23/2015,Quarter4,Monday,7,30.1,709.0,6960,45,0.0,0,1,58.0,75.077
2/23/2015,Quarter4,Monday,6,18.79,1100.0,3960,45,0.0,0,0,33.0,75.065
2/23/2015,Quarter4,Monday,11,11.41,826.0,2820,0,0.0,0,2,58.0,75.029
2/23/2015,Quarter4,Monday,2,30.33,577.0,2160,30,0.0,0,1,58.0,70.062
2016-02-23,Quarter4,Monday,8,29.4,1094.0,6840,40,0.0,0,2,57.0,70.061
2016-02-23,Quarter4,Monday,3,29.4,1228.0,6960,30,0.0,0,2,58.0,70.036
2/23/2015,Quarter4,Monday,9,18.79,1641.0,6000,40,0.0,0,1,50.0,60.128
2016-02-23,Quarter4,Monday,10,21.25,1583.0,6000,0,0.0,0,1,50.0,41.792
2016-02-23,Quarter4,Monday,6,2.9,,960,0,0.0,0,0,8.0,37.156
2016-02-23,Quarter4,Monday,9,2.9,,960,0,0.0,0,0,8.0,37.156
2016-02-23,Quarter4,Monday,2,5.13,,960,0,0.0,0,0,8.0,36.872
2016-02-23,Quarter4,Monday,7,5.13,,960,0,0.0,0,0,8.0,35.646
2/24/2015,Quarter4,Tuesday,10,2.9,,1800,0,0.0,0,0,15.0,90.222
2/24/2015,Quarter4,Tuesday,3,4.6,,1440,0,0.0,0,0,12.0,81.139
2/24/2015,Quarter4,Tuesday,12,15.26,1062.0,4080,50,0.0,0,0,34.0,80.04
2/24/2015,Quarter4,Tuesday,5,30.1,450.0,7140,50,0.0,0,0,60.0,80.014
2/24/2015,Quarter4,Tuesday,4,30.1,901.0,6480,50,0.0,0,1,59.0,80.007
2/24/2015,Quarter4,Tuesday,8,4.6,,960,0,0.0,0,0,8.0,79.146
2/24/2015,Quarter4,Tuesday,7,30.1,739.0,5640,45,0.0,0,1,59.0,75.073
2/24/2015,Quarter4,Tuesday,6,18.79,913.0,3360,45,0.0,0,0,33.0,75.065
2/24/2015,Quarter4,Tuesday,11,11.61,698.0,3360,34,0.0,0,2,57.0,75.044
2016-02-24,Quarter4,Tuesday,3,29.4,1172.0,5340,45,0.0,0,2,60.0,75.018
2016-02-24,Quarter4,Tuesday,6,2.9,,1800,0,0.0,0,0,15.0,72.693
2/24/2015,Quarter4,Tuesday,9,2.9,,1800,0,0.0,0,0,15.0,72.693
2/24/2015,Quarter4,Tuesday,2,30.33,408.0,1680,30,0.0,0,1,59.0,70.062
2016-02-24,Quarter4,Tuesday,8,29.4,1079.0,4560,40,0.0,0,2,58.0,70.052
2016-02-24,Quarter4,Tuesday,9,18.79,1068.0,3000,30,0.0,0,1,52.0,70.026
2016-02-24,Quarter4,Tuesday,11,2.9,,960,0,0.0,0,0,8.0,50.469
2016-02-24,Quarter4,Tuesday,10,21.25,1834.0,6360,0,0.0,0,1,53.0,47.111
2016-02-24,Quarter4,Tuesday,2,3.9,,960,0,0.0,0,0,8.0,32.5
2/24/2015,Quarter4,Tuesday,1,22.53,708.0,5040,0,0.0,0,1,42.0,26.821
2/25/2015,Quarter4,Wednesday,9,18.79,1085.0,6240,56,0.0,0,1,52.0,97.082
2/25/2015,Quarter4,Wednesday,5,4.6,,1080,0,0.0,0,0,9.0,90.296
2/25/2015,Quarter4,Wednesday,3,4.6,,2400,0,0.0,0,0,20.0,90.083
2/25/2015,Quarter4,Wednesday,12,4.6,,1800,0,0.0,0,0,15.0,89.956
2/25/2015,Quarter4,Wednesday,10,2.9,,1200,0,0.0,0,0,10.0,84.583
2/25/2015,Quarter4,Wednesday,4,30.1,323.0,4080,50,0.0,0,1,59.0,80.081
2016-02-25,Quarter4,Wednesday,12,15.26,1053.0,4080,50,0.0,0,0,34.0,80.04
2/25/2015,Quarter4,Wednesday,7,30.1,786.0,7080,50,0.0,0,2,59.0,80.012
2/25/2015,Quarter4,Wednesday,6,18.79,1003.0,3960,45,0.0,0,1,33.0,75.065
2/25/2015,Quarter4,Wednesday,11,11.61,635.0,3360,45,0.0,0,0,57.0,75.05
2016-02-25,Quarter4,Wednesday,3,29.4,1283.0,6960,45,0.0,0,2,58.0,75.021
2/25/2015,Quarter4,Wednesday,8,29.4,847.0,6960,30,0.0,0,1,58.0,70.036
2/25/2015,Quarter4,Wednesday,2,30.33,361.0,3960,30,0.0,0,1,58.0,70.007
2016-02-25,Quarter4,Wednesday,10,21.82,1653.0,6240,0,0.0,0,2,52.0,70.006
2016-02-25,Quarter4,Wednesday,7,4.6,,960,0,0.0,0,0,8.0,67.667
2016-02-25,Quarter4,Wednesday,8,4.6,,960,0,0.0,0,0,8.0,65.854
2016-02-25,Quarter4,Wednesday,5,30.1,15.0,1200,49,0.0,0,1,59.0,59.879
2/25/2015,Quarter4,Wednesday,1,22.53,762.0,5040,0,0.0,0,1,42.0,58.113
2016-02-25,Quarter4,Wednesday,2,3.9,,960,0,0.0,0,0,8.0,44.038
2016-02-25,Quarter4,Wednesday,6,2.9,,960,0,0.0,0,0,8.0,41.083
2016-02-25,Quarter4,Wednesday,9,2.9,,960,0,0.0,0,0,8.0,41.083
2/26/2015,Quarter4,Thursday,3,4.6,,6300,0,0.0,0,0,15.0,92.17
2/26/2015,Quarter4,Thursday,5,4.6,,7560,0,0.0,0,0,18.0,92.16
2/26/2015,Quarter4,Thursday,7,30.1,694.0,4080,50,0.0,0,1,59.0,80.081
2/26/2015,Quarter4,Thursday,11,11.61,816.0,2820,50,0.0,0,2,57.0,80.052
2/26/2015,Quarter4,Thursday,12,15.26,1065.0,4080,63,0.0,0,0,34.0,80.04
2/26/2015,Quarter4,Thursday,1,3.94,,3360,0,0.0,0,0,8.0,76.885
2/26/2015,Quarter4,Thursday,6,18.79,912.0,3960,45,0.0,0,0,33.0,75.065
2016-02-26,Quarter4,Thursday,3,29.4,1244.0,6840,45,0.0,0,2,57.0,75.047
2/26/2015,Quarter4,Thursday,9,18.79,1020.0,5640,45,0.0,0,1,52.0,75.037
2/26/2015,Quarter4,Thursday,8,29.4,916.0,6960,56,0.0,0,2,58.0,75.021
2/26/2015,Quarter4,Thursday,10,21.82,1591.0,3240,0,0.0,0,1,52.0,70.025
2/26/2015,Quarter4,Thursday,2,30.33,398.0,6960,0,0.0,0,1,58.0,66.238
2016-02-26,Quarter4,Thursday,12,4.6,,3780,0,0.0,0,0,9.0,59.062
2016-02-26,Quarter4,Thursday,2,3.9,,960,0,0.0,0,0,8.0,55.656
2/26/2015,Quarter4,Thursday,4,30.1,437.0,7080,32,0.0,0,2,59.0,49.562
2016-02-26,Quarter4,Thursday,5,27.48,413.0,6840,38,0.0,0,1,57.0,44.996
2016-02-26,Quarter4,Thursday,10,2.9,,3360,0,0.0,0,0,8.0,41.083
2016-02-26,Quarter4,Thursday,9,2.9,,960,0,0.0,0,0,8.0,40.781
2016-02-26,Quarter4,Thursday,1,26.66,1164.0,6600,23,0.0,0,2,55.0,37.89
2016-02-26,Quarter4,Thursday,8,4.6,,3360,0,0.0,0,0,8.0,37.66
2016-02-26,Quarter4,Thursday,6,2.9,,3360,0,0.0,0,0,8.0,27.187
2/28/2015,Quarter4,Saturday,3,4.6,,6300,0,0.0,0,0,15.0,92.17
2/28/2015,Quarter4,Saturday,5,4.6,,7560,0,0.0,0,0,18.0,92.16
2/28/2015,Quarter4,Saturday,11,11.61,954.0,0,50,0.0,0,2,58.0,80.078
2/28/2015,Quarter4,Saturday,12,15.26,1194.0,1700,62,0.0,0,0,34.0,80.026
2/28/2015,Quarter4,Saturday,7,30.1,644.0,840,38,0.0,0,1,59.0,79.998
2/28/2015,Quarter4,Saturday,1,3.94,,3360,0,0.0,0,0,8.0,76.885
2016-02-28,Quarter4,Saturday,3,29.4,1144.0,4440,45,0.0,0,2,57.0,75.072
2/28/2015,Quarter4,Saturday,6,18.79,1012.0,3960,45,0.0,0,0,33.0,75.065
2/28/2015,Quarter4,Saturday,8,29.4,792.0,4560,56,0.0,0,2,58.0,75.043
2/28/2015,Quarter4,Saturday,9,18.79,841.0,6240,45,0.0,0,1,52.0,75.04
2/28/2015,Quarter4,Saturday,10,21.82,1448.0,6120,40,0.0,0,1,51.0,70.024
2/28/2015,Quarter4,Saturday,2,30.33,512.0,4560,0,0.0,0,1,58.0,70.021
2016-02-28,Quarter4,Saturday,12,4.6,,3780,0,0.0,0,0,9.0,59.062
2016-02-28,Quarter4,Saturday,2,3.9,,960,0,0.0,0,0,8.0,55.656
2016-02-28,Quarter4,Saturday,5,27.48,609.0,6840,30,0.0,0,1,57.0,55.04
2016-02-28,Quarter4,Saturday,1,26.66,1448.0,6840,30,0.0,0,2,57.0,55.035
2/28/2015,Quarter4,Saturday,4,26.66,556.0,6960,23,0.0,0,2,58.0,50.026
2016-02-28,Quarter4,Saturday,10,2.9,,3360,0,0.0,0,0,8.0,41.083
2016-02-28,Quarter4,Saturday,9,2.9,,960,0,0.0,0,0,8.0,40.781
2016-02-28,Quarter4,Saturday,8,4.6,,3360,0,0.0,0,0,8.0,37.66
2016-02-28,Quarter4,Saturday,6,2.9,,3360,0,0.0,0,0,8.0,27.187
3/1/2015,Quarter1,Sunday,3,4.6,,10500,0,0.0,0,0,25.0,93.636
3/1/2015,Quarter1,Sunday,8,4.6,,3360,0,0.0,0,0,8.0,81.361
3/1/2015,Quarter1,Sunday,12,15.26,1106.0,4080,63,0.0,0,0,34.0,80.04
2016-02-29,Quarter1,Sunday,8,29.4,622.0,6240,56,0.0,0,0,57.0,75.075
3/1/2015,Quarter1,Sunday,6,18.79,1193.0,3960,45,0.0,0,0,33.0,75.065
2016-02-29,Quarter1,Sunday,3,29.4,1143.0,6840,45,0.0,0,0,57.0,75.047
3/1/2015,Quarter1,Sunday,9,18.79,895.0,6240,34,0.0,0,0,52.0,75.04
3/1/2015,Quarter1,Sunday,5,27.48,549.0,6720,38,0.0,0,0,56.0,70.745
3/1/2015,Quarter1,Sunday,10,21.82,1393.0,5640,30,0.0,0,0,52.0,70.024
3/1/2015,Quarter1,Sunday,1,26.66,1578.0,6840,38,0.0,0,0,57.0,70.002
3/1/2015,Quarter1,Sunday,2,30.33,254.0,1800,0,0.0,0,0,58.0,68.355
3/1/2015,Quarter1,Sunday,11,11.61,347.0,0,50,4.0,20,0,57.0,68.243
3/1/2015,Quarter1,Sunday,4,3.94,,960,0,0.0,0,0,8.0,67.308
2016-02-29,Quarter1,Sunday,10,2.9,,3360,0,0.0,0,0,8.0,66.458
2016-02-29,Quarter1,Sunday,4,26.66,692.0,6840,23,0.0,0,0,57.0,60.024
2016-02-29,Quarter1,Sunday,2,3.9,,960,0,0.0,0,0,8.0,58.5
3/1/2015,Quarter1,Sunday,7,30.1,934.0,6960,0,3.5,15,0,58.0,57.951
2016-02-29,Quarter1,Sunday,1,3.94,,3360,0,0.0,0,0,8.0,44.872
2016-02-29,Quarter1,Sunday,9,2.9,,960,0,0.0,0,0,8.0,44.708
2016-02-29,Quarter1,Sunday,7,4.6,,3360,0,0.0,0,0,8.0,35.042
3/2/2015,Quarter1,Monday,2,3.9,,1200,0,0.0,0,0,10.0,92.885
3/2/2015,Quarter1,Monday,3,4.6,,10080,0,0.0,0,0,24.0,86.037
3/2/2015,Quarter1,Monday,4,3.94,,960,0,0.0,0,0,8.0,80.688
3/2/2015,Quarter1,Monday,1,26.66,1527.0,6840,65,0.0,0,0,57.0,80.058
3/2/2015,Quarter1,Monday,12,15.26,1035.0,4080,63,0.0,0,0,34.0,80.04
3/2/2015,Quarter1,Monday,9,2.9,,1200,0,0.0,0,0,10.0,80.04
3/2/2015,Quarter1,Monday,11,11.61,632.0,0,50,0.0,0,0,57.0,80.031
2016-03-01,Quarter1,Monday,3,29.4,1231.0,4680,50,0.0,0,0,57.0,80.015
3/2/2015,Quarter1,Monday,7,30.1,616.0,7080,0,0.0,0,0,59.0,80.012
3/2/2015,Quarter1,Monday,8,4.6,,3360,0,0.0,0,0,8.0,77.333
3/2/2015,Quarter1,Monday,6,18.79,947.0,2880,34,0.0,0,0,33.0,75.08
2016-03-01,Quarter1,Monday,8,29.4,551.0,6840,45,0.0,0,0,57.0,75.047
2016-03-01,Quarter1,Monday,9,18.79,935.0,6240,45,0.0,0,0,52.0,75.04
2016-03-01,Quarter1,Monday,4,26.66,832.0,6780,55,0.0,0,0,57.0,75.025
3/2/2015,Quarter1,Monday,5,27.48,544.0,6720,34,0.0,0,0,56.0,70.09
3/2/2015,Quarter1,Monday,10,21.82,1511.0,3600,30,0.0,0,0,51.0,70.014
2016-03-01,Quarter1,Monday,10,2.9,,3360,0,0.0,0,0,8.0,63.236
2016-03-01,Quarter1,Monday,12,4.6,,3780,0,0.0,0,0,9.0,60.765
2016-03-01,Quarter1,Monday,1,3.94,,3360,0,0.0,0,0,8.0,53.792
2016-03-01,Quarter1,Monday,7,4.6,,3360,0,0.0,0,0,8.0,34.236
3/3/2015,Quarter1,Tuesday,7,4.6,,4200,0,0.0,0,0,10.0,99.953
3/3/2015,Quarter1,Tuesday,3,4.6,,6300,0,0.0,0,0,15.0,90.296
3/3/2015,Quarter1,Tuesday,11,11.41,601.0,0,50,0.0,0,0,56.0,80.07
3/3/2015,Quarter1,Tuesday,1,26.66,1562.0,6960,60,0.0,0,0,58.0,80.057
3/3/2015,Quarter1,Tuesday,12,15.26,983.0,4080,50,0.0,0,0,34.0,80.04
2016-03-02,Quarter1,Tuesday,3,29.4,1156.0,6840,50,0.0,0,0,57.0,80.033
2016-03-02,Quarter1,Tuesday,7,30.1,29.0,7080,50,0.0,0,0,59.0,80.012
3/3/2015,Quarter1,Tuesday,4,26.66,950.0,6960,50,0.0,0,0,58.0,75.077
3/3/2015,Quarter1,Tuesday,8,29.4,534.0,6840,56,0.0,0,0,57.0,75.047
3/3/2015,Quarter1,Tuesday,9,18.79,1096.0,6240,34,0.0,0,0,52.0,75.04
3/3/2015,Quarter1,Tuesday,6,20.2,402.0,3120,45,0.0,0,0,33.0,75.021
2016-03-02,Quarter1,Tuesday,8,4.6,,3360,0,0.0,0,0,8.0,70.278
3/3/2015,Quarter1,Tuesday,5,27.48,573.0,6840,30,0.0,0,0,57.0,70.066
3/3/2015,Quarter1,Tuesday,10,21.82,1313.0,5040,30,0.0,0,0,51.0,69.998
2016-03-02,Quarter1,Tuesday,12,4.6,,3780,0,0.0,0,0,9.0,63.605
3/3/2015,Quarter1,Tuesday,2,3.9,,6300,0,0.0,0,0,15.0,56.738
2016-03-02,Quarter1,Tuesday,1,3.94,,3360,0,0.0,0,0,8.0,55.543
2016-03-02,Quarter1,Tuesday,4,3.94,,3360,0,0.0,0,0,8.0,55.543
2016-03-02,Quarter1,Tuesday,10,2.9,,3360,0,0.0,0,0,8.0,46.319
2016-03-02,Quarter1,Tuesday,5,4.6,,3360,0,0.0,0,0,8.0,35.444
2016-03-02,Quarter1,Tuesday,6,2.9,,3360,0,0.0,0,0,8.0,30.933
2016-03-02,Quarter1,Tuesday,2,15.28,157.0,5400,0,6.5,30,1,45.0,30.277
3/4/2015,Quarter1,Wednesday,3,4.6,,1200,0,0.0,0,0,10.0,93.917
3/4/2015,Quarter1,Wednesday,8,4.6,,960,0,0.0,0,0,8.0,93.042
3/4/2015,Quarter1,Wednesday,12,4.6,,1080,0,0.0,0,0,9.0,88.593
3/4/2015,Quarter1,Wednesday,9,2.9,,960,0,0.0,0,0,8.0,83.375
3/4/2015,Quarter1,Wednesday,1,3.94,,960,0,0.0,0,0,8.0,80.688
3/4/2015,Quarter1,Wednesday,4,3.94,,960,0,0.0,0,0,8.0,80.606
3/4/2015,Quarter1,Wednesday,11,11.41,433.0,0,38,0.0,0,0,56.0,80.07
2016-03-03,Quarter1,Wednesday,12,15.26,961.0,4080,50,0.0,0,0,34.0,80.04
2016-03-03,Quarter1,Wednesday,3,29.4,1169.0,6840,63,0.0,0,0,57.0,80.033
3/4/2015,Quarter1,Wednesday,7,30.1,874.0,3960,50,0.0,0,0,59.0,80.006
2016-03-03,Quarter1,Wednesday,4,26.82,1028.0,6960,60,0.0,0,0,58.0,79.998
2016-03-03,Quarter1,Wednesday,1,26.82,1772.0,6960,50,0.0,0,0,58.0,75.065
2016-03-03,Quarter1,Wednesday,9,18.79,1206.0,6240,34,0.0,0,0,52.0,75.04
3/4/2015,Quarter1,Wednesday,5,27.48,586.0,6960,40,0.0,0,0,58.0,70.042
3/4/2015,Quarter1,Wednesday,10,21.82,1334.0,5760,30,0.0,0,0,53.0,70.006
2016-03-03,Quarter1,Wednesday,7,4.6,,8400,0,0.0,0,0,20.0,68.489
2016-03-03,Quarter1,Wednesday,5,4.6,,960,0,0.0,0,0,8.0,59.208
3/4/2015,Quarter1,Wednesday,2,3.9,,960,0,0.0,0,0,8.0,54.031
2016-03-03,Quarter1,Wednesday,8,29.4,30.0,6840,0,0.0,0,0,57.0,43.326
2016-03-03,Quarter1,Wednesday,2,15.28,261.0,5520,0,0.0,0,1,46.0,40.414
3/4/2015,Quarter1,Wednesday,6,18.79,52.0,3960,0,0.0,0,0,33.0,33.215
3/5/2015,Quarter1,Thursday,8,4.6,,2640,0,0.0,0,0,22.0,98.098
3/5/2015,Quarter1,Thursday,2,3.9,,960,0,0.0,0,0,8.0,95.062
3/5/2015,Quarter1,Thursday,11,2.9,,1200,0,0.0,0,0,10.0,92.729
3/5/2015,Quarter1,Thursday,12,4.6,,1080,0,0.0,0,0,9.0,86.889
3/5/2015,Quarter1,Thursday,1,3.94,,960,0,0.0,0,0,8.0,81.262
3/5/2015,Quarter1,Thursday,4,3.94,,960,0,0.0,0,0,8.0,81.262
3/5/2015,Quarter1,Thursday,3,4.6,,1800,0,0.0,0,0,15.0,81.011
2016-03-04,Quarter1,Thursday,11,11.41,455.0,3420,50,0.0,0,0,56.0,80.07
2016-03-04,Quarter1,Thursday,3,29.4,797.0,1800,63,0.0,0,0,57.0,80.053
2016-03-04,Quarter1,Thursday,12,15.26,959.0,4080,50,0.0,0,0,34.0,80.04
2016-03-04,Quarter1,Thursday,1,26.82,1373.0,6960,50,0.0,0,0,58.0,75.065
3/5/2015,Quarter1,Thursday,9,18.79,1228.0,6240,45,0.0,0,0,52.0,75.04
2016-03-04,Quarter1,Thursday,4,26.82,1117.0,7080,50,0.0,0,0,59.0,75.005
3/5/2015,Quarter1,Thursday,5,27.48,230.0,6960,40,0.0,0,0,58.0,70.042
3/5/2015,Quarter1,Thursday,10,21.82,1390.0,6000,30,0.0,0,0,50.0,70.042
2016-03-04,Quarter1,Thursday,2,15.28,529.0,1320,0,0.0,0,1,46.0,60.01
2016-03-04,Quarter1,Thursday,9,2.9,,960,0,0.0,0,0,8.0,45.312
3/5/2015,Quarter1,Thursday,7,30.1,834.0,1200,0,4.0,40,0,59.0,36.605
3/5/2015,Quarter1,Thursday,6,22.53,1450.0,2640,0,0.0,0,1,39.0,26.369
3/7/2015,Quarter1,Saturday,12,4.6,,1080,0,0.0,0,0,9.0,86.889
2016-03-06,Quarter1,Saturday,12,15.26,986.0,4080,75,0.0,0,0,34.0,85.052
3/7/2015,Quarter1,Saturday,1,26.82,1267.0,8160,70,0.0,0,0,58.0,85.004
3/7/2015,Quarter1,Saturday,7,4.6,,6000,0,0.0,0,0,25.0,82.544
3/7/2015,Quarter1,Saturday,5,3.94,,2400,0,0.0,0,0,10.0,80.575
3/7/2015,Quarter1,Saturday,4,26.82,1195.0,6960,60,0.0,0,0,58.0,80.075
3/7/2015,Quarter1,Saturday,3,29.4,983.0,6840,63,0.0,0,1,57.0,80.058
3/7/2015,Quarter1,Saturday,11,11.41,471.0,3420,50,0.0,0,0,58.0,80.003
3/7/2015,Quarter1,Saturday,6,2.9,,960,0,0.0,0,0,8.0,79.75
3/7/2015,Quarter1,Saturday,9,18.79,1226.0,3480,45,0.0,0,0,51.0,74.999
3/7/2015,Quarter1,Saturday,10,21.82,1251.0,6000,30,0.0,0,0,50.0,70.042
2016-03-06,Quarter1,Saturday,1,3.94,,960,0,0.0,0,0,8.0,66.488
2016-03-06,Quarter1,Saturday,4,3.94,,960,0,0.0,0,0,8.0,66.488
2016-03-06,Quarter1,Saturday,11,2.9,,960,0,0.0,0,0,8.0,65.708
3/7/2015,Quarter1,Saturday,2,16.1,626.0,4200,0,0.0,0,1,45.0,65.024
3/7/2015,Quarter1,Saturday,8,4.6,,3600,0,0.0,0,0,15.0,59.074
2016-03-06,Quarter1,Saturday,2,3.9,,1920,0,0.0,0,0,8.0,52.812
2016-03-06,Quarter1,Saturday,6,23.41,1379.0,2280,0,0.0,0,1,39.0,50.053
2016-03-06,Quarter1,Saturday,5,27.48,541.0,6960,24,0.0,0,1,58.0,40.896
3/8/2015,Quarter2,Sunday,3,4.6,,1440,0,0.0,0,0,12.0,95.194
3/8/2015,Quarter2,Sunday,12,4.6,,1080,0,0.0,0,0,9.0,94.556
3/8/2015,Quarter2,Sunday,9,2.9,,1080,0,0.0,0,0,9.0,92.907
3/8/2015,Quarter2,Sunday,1,3.94,,960,0,0.0,0,0,8.0,89.06
3/8/2015,Quarter2,Sunday,4,3.94,,960,0,0.0,0,0,8.0,89.06
3/8/2015,Quarter2,Sunday,2,3.9,,1200,0,0.0,0,0,10.0,88.4
3/8/2015,Quarter2,Sunday,5,3.94,,960,0,0.0,0,0,8.0,85.792
2016-03-07,Quarter2,Sunday,4,26.82,1082.0,6840,65,0.0,0,0,57.0,85.008
2016-03-07,Quarter2,Sunday,1,26.82,1254.0,6960,65,0.0,0,0,58.0,85.007
2016-03-07,Quarter2,Sunday,3,30.1,1278.0,3360,50,0.0,0,1,57.0,80.051
2016-03-07,Quarter2,Sunday,12,15.26,1064.0,4080,63,0.0,0,0,34.0,80.04
3/8/2015,Quarter2,Sunday,11,11.41,313.0,3420,50,0.0,0,0,58.0,80.003
2016-03-07,Quarter2,Sunday,11,2.9,,960,0,0.0,0,0,8.0,75.521
2016-03-07,Quarter2,Sunday,9,18.79,1239.0,5640,45,0.0,0,0,52.0,75.037
3/8/2015,Quarter2,Sunday,10,21.82,1335.0,6000,30,0.0,0,0,50.0,-100.0
2016-03-07,Quarter2,Sunday,2,16.1,928.0,4800,30,0.0,0,1,45.0,70.011
3/8/2015,Quarter2,Sunday,6,23.41,1266.0,2520,23,0.0,0,1,38.0,60.104
3/8/2015,Quarter2,Sunday,8,30.48,869.0,6720,0,0.0,0,1,56.0,60.053
2016-03-07,Quarter2,Sunday,5,26.82,711.0,7080,23,0.0,0,1,59.0,50.003
2016-03-07,Quarter2,Sunday,8,3.9,,960,0,0.0,0,0,8.0,45.094
2016-03-07,Quarter2,Sunday,10,2.9,,960,0,0.0,0,0,8.0,44.104
2016-03-07,Quarter2,Sunday,6,2.9,,960,0,0.0,0,0,8.0,27.187
3/9/2015,Quarter2,Monday,11,2.9,,0,960,0.0,0,0,8.0,96.062
3/9/2015,Quarter2,Monday,12,4.6,,0,1080,0.0,0,0,9.0,90.296
3/9/2015,Quarter2,Monday,5,3.94,,0,2880,0.0,0,0,12.0,86.434
3/9/2015,Quarter2,Monday,4,26.82,1079.0,7020,65,0.0,0,0,58.0,85.045
3/9/2015,Quarter2,Monday,1,26.82,1322.0,7140,65,0.0,0,0,59.0,85.043
3/9/2015,Quarter2,Monday,9,2.9,,0,3600,0.0,0,0,15.0,84.1
3/9/2015,Quarter2,Monday,3,30.1,964.0,5160,50,0.0,0,1,58.0,80.084
2016-03-08,Quarter2,Monday,12,15.26,1132.0,4080,63,0.0,0,0,34.0,80.04
2016-03-08,Quarter2,Monday,11,11.41,357.0,3420,50,0.0,0,0,58.0,80.003
2016-03-08,Quarter2,Monday,3,4.6,,0,1440,0.0,0,0,12.0,79.542
2016-03-08,Quarter2,Monday,4,3.94,,0,960,0.0,0,0,8.0,79.539
2016-03-08,Quarter2,Monday,1,3.94,,0,960,0.0,0,0,8.0,79.457
2016-03-08,Quarter2,Monday,9,18.79,1193.0,6240,45,0.0,0,0,52.0,75.04
3/9/2015,Quarter2,Monday,2,16.1,817.0,5520,30,0.0,0,1,45.0,70.052
3/9/2015,Quarter2,Monday,10,21.82,1576.0,6000,30,0.0,0,0,50.0,70.042
2016-03-08,Quarter2,Monday,2,3.9,,0,1200,0.0,0,0,10.0,68.25
3/9/2015,Quarter2,Monday,6,23.41,1262.0,4560,35,0.0,0,1,38.0,65.096
3/9/2015,Quarter2,Monday,8,30.48,953.0,6720,26,0.0,0,1,56.0,65.042
2016-03-08,Quarter2,Monday,5,26.82,919.0,7080,23,0.0,0,1,59.0,60.004
3/9/2015,Quarter2,Monday,7,30.48,1161.0,6600,0,0.0,0,1,55.0,50.061
2016-03-08,Quarter2,Monday,10,2.9,,0,960,0.0,0,0,8.0,47.729
2016-03-08,Quarter2,Monday,8,3.9,,0,960,0.0,0,0,8.0,26.406
3/10/2015,Quarter2,Tuesday,12,4.6,,1080,0,0.0,0,0,9.0,92.0
3/10/2015,Quarter2,Tuesday,5,3.94,,1440,0,0.0,0,0,12.0,90.939
3/10/2015,Quarter2,Tuesday,1,26.82,1574.0,7080,75,0.0,0,0,59.0,90.006
3/10/2015,Quarter2,Tuesday,3,4.6,,1440,0,0.0,0,0,12.0,89.444
3/10/2015,Quarter2,Tuesday,4,3.94,,960,0,0.0,0,0,8.0,88.158
2016-03-09,Quarter2,Tuesday,1,3.94,,960,0,0.0,0,0,8.0,88.075
2016-03-09,Quarter2,Tuesday,4,26.82,1104.0,5880,65,0.0,0,0,59.0,85.008
3/10/2015,Quarter2,Tuesday,9,2.9,,1800,0,0.0,0,0,15.0,82.167
2016-03-09,Quarter2,Tuesday,12,15.26,1069.0,4080,63,0.0,0,0,34.0,80.04
2016-03-09,Quarter2,Tuesday,3,30.1,756.0,6960,63,0.0,0,1,58.0,80.007
3/10/2015,Quarter2,Tuesday,11,11.41,338.0,3420,50,0.0,0,0,58.0,80.003
2016-03-09,Quarter2,Tuesday,11,2.9,,960,0,0.0,0,0,8.0,75.823
3/10/2015,Quarter2,Tuesday,10,21.82,1499.0,6000,34,0.0,0,0,50.0,75.061
2016-03-09,Quarter2,Tuesday,9,18.79,1247.0,6240,45,0.0,0,0,52.0,75.04
3/10/2015,Quarter2,Tuesday,2,3.9,,960,0,0.0,0,0,8.0,74.1
3/10/2015,Quarter2,Tuesday,8,30.48,923.0,6840,30,0.0,0,1,57.0,70.051
3/10/2015,Quarter2,Tuesday,6,23.41,1180.0,4560,30,0.0,0,1,38.0,70.025
2016-03-09,Quarter2,Tuesday,2,16.1,957.0,5400,40,0.0,0,1,45.0,70.005
2016-03-09,Quarter2,Tuesday,5,26.82,1001.0,7080,26,0.0,0,1,59.0,65.004
3/10/2015,Quarter2,Tuesday,7,30.48,1017.0,6840,25,0.0,0,1,57.0,63.04
2016-03-09,Quarter2,Tuesday,8,3.9,,960,0,0.0,0,0,8.0,56.063
2016-03-09,Quarter2,Tuesday,7,3.9,,960,0,0.0,0,0,8.0,56.063
2016-03-09,Quarter2,Tuesday,10,2.9,,960,0,0.0,0,0,8.0,39.875
3/11/2015,Quarter2,Wednesday,12,4.6,,2160,0,0.0,0,0,9.0,92.284
3/11/2015,Quarter2,Wednesday,11,2.9,,2400,0,0.0,0,0,10.0,87.403
3/11/2015,Quarter2,Wednesday,2,3.9,,1920,0,0.0,0,0,8.0,81.927
3/11/2015,Quarter2,Wednesday,4,3.94,,1920,0,0.0,0,0,8.0,81.331
3/11/2015,Quarter2,Wednesday,1,3.94,,1920,0,0.0,0,0,8.0,81.262
2016-03-10,Quarter2,Wednesday,12,15.26,470.0,4080,63,0.0,0,0,34.0,80.04
3/11/2015,Quarter2,Wednesday,3,30.1,735.0,6960,63,0.0,0,1,58.0,80.007
2016-03-10,Quarter2,Wednesday,11,11.41,560.0,3420,50,0.0,0,0,58.0,80.003
2016-03-10,Quarter2,Wednesday,3,4.6,,1920,0,0.0,0,0,8.0,78.663
3/11/2015,Quarter2,Wednesday,5,3.94,,1440,0,0.0,0,0,12.0,75.885
3/11/2015,Quarter2,Wednesday,10,21.82,1674.0,6000,34,0.0,0,0,50.0,75.061
3/11/2015,Quarter2,Wednesday,9,18.79,290.0,5040,45,0.0,0,0,52.0,75.035
2016-03-10,Quarter2,Wednesday,2,16.1,971.0,5400,45,0.0,0,1,45.0,75.014
2016-03-10,Quarter2,Wednesday,1,26.82,1322.0,7080,45,0.0,0,0,59.0,75.005
2016-03-10,Quarter2,Wednesday,4,26.82,1054.0,7080,45,0.0,0,0,59.0,75.005
2016-03-10,Quarter2,Wednesday,5,26.82,992.0,6960,30,0.0,0,1,58.0,70.056
3/11/2015,Quarter2,Wednesday,8,30.48,914.0,6840,30,0.0,0,1,57.0,70.051
3/11/2015,Quarter2,Wednesday,6,23.41,1128.0,4560,40,0.0,0,1,38.0,70.025
3/11/2015,Quarter2,Wednesday,7,30.48,935.0,6840,26,0.0,0,1,57.0,65.06
2016-03-10,Quarter2,Wednesday,10,2.9,,960,0,0.0,0,0,8.0,62.833
2016-03-10,Quarter2,Wednesday,8,3.9,,960,0,0.0,0,0,8.0,62.562
2016-03-10,Quarter2,Wednesday,7,3.9,,960,0,0.0,0,0,8.0,62.562
2016-03-10,Quarter2,Wednesday,9,2.9,,1800,0,0.0,0,0,15.0,50.589
2016-03-10,Quarter2,Wednesday,6,2.9,,720,0,0.0,0,0,6.0,39.472
